Date,Boxscore Links
12-8-2009,http://www.basketball-reference.com/boxscores/200912080BOS.html,http://www.basketball-reference.com/boxscores/200912080CHA.html,http://www.basketball-reference.com/boxscores/200912080CHI.html,http://www.basketball-reference.com/boxscores/200912080DAL.html,http://www.basketball-reference.com/boxscores/200912080LAC.html,http://www.basketball-reference.com/boxscores/200912080MEM.html,http://www.basketball-reference.com/boxscores/200912080NOH.html,http://www.basketball-reference.com/boxscores/200912080TOR.html
11-29-2009,http://www.basketball-reference.com/boxscores/200911290DEN.html,http://www.basketball-reference.com/boxscores/200911290DET.html,http://www.basketball-reference.com/boxscores/200911290LAC.html,http://www.basketball-reference.com/boxscores/200911290LAL.html,http://www.basketball-reference.com/boxscores/200911290MIA.html,http://www.basketball-reference.com/boxscores/200911290NYK.html,http://www.basketball-reference.com/boxscores/200911290OKC.html,http://www.basketball-reference.com/boxscores/200911290SAC.html,http://www.basketball-reference.com/boxscores/200911290SAS.html,http://www.basketball-reference.com/boxscores/200911290TOR.html
1-15-2010,http://www.basketball-reference.com/boxscores/201001150ATL.html,http://www.basketball-reference.com/boxscores/201001150CHA.html,http://www.basketball-reference.com/boxscores/201001150CHI.html,http://www.basketball-reference.com/boxscores/201001150DAL.html,http://www.basketball-reference.com/boxscores/201001150DET.html,http://www.basketball-reference.com/boxscores/201001150GSW.html,http://www.basketball-reference.com/boxscores/201001150HOU.html,http://www.basketball-reference.com/boxscores/201001150LAL.html,http://www.basketball-reference.com/boxscores/201001150MEM.html,http://www.basketball-reference.com/boxscores/201001150NJN.html,http://www.basketball-reference.com/boxscores/201001150NYK.html,http://www.basketball-reference.com/boxscores/201001150PHI.html,http://www.basketball-reference.com/boxscores/201001150POR.html
4-11-2010,http://www.basketball-reference.com/boxscores/201004110CLE.html,http://www.basketball-reference.com/boxscores/201004110GSW.html,http://www.basketball-reference.com/boxscores/201004110LAL.html,http://www.basketball-reference.com/boxscores/201004110NOH.html,http://www.basketball-reference.com/boxscores/201004110NYK.html,http://www.basketball-reference.com/boxscores/201004110PHO.html,http://www.basketball-reference.com/boxscores/201004110TOR.html
1-30-2010,http://www.basketball-reference.com/boxscores/201001300DAL.html,http://www.basketball-reference.com/boxscores/201001300MEM.html,http://www.basketball-reference.com/boxscores/201001300MIL.html,http://www.basketball-reference.com/boxscores/201001300ORL.html,http://www.basketball-reference.com/boxscores/201001300SAC.html,http://www.basketball-reference.com/boxscores/201001300WAS.html
2-7-2010,http://www.basketball-reference.com/boxscores/201002070BOS.html,http://www.basketball-reference.com/boxscores/201002070TOR.html
5-13-2010,http://www.basketball-reference.com/boxscores/201005130BOS.html
3-27-2010,http://www.basketball-reference.com/boxscores/201003270CHI.html,http://www.basketball-reference.com/boxscores/201003270GSW.html,http://www.basketball-reference.com/boxscores/201003270HOU.html,http://www.basketball-reference.com/boxscores/201003270NOH.html,http://www.basketball-reference.com/boxscores/201003270WAS.html
12-30-2009,http://www.basketball-reference.com/boxscores/200912300CLE.html,http://www.basketball-reference.com/boxscores/200912300IND.html,http://www.basketball-reference.com/boxscores/200912300MIN.html,http://www.basketball-reference.com/boxscores/200912300NJN.html,http://www.basketball-reference.com/boxscores/200912300NOH.html,http://www.basketball-reference.com/boxscores/200912300ORL.html,http://www.basketball-reference.com/boxscores/200912300PHO.html,http://www.basketball-reference.com/boxscores/200912300POR.html,http://www.basketball-reference.com/boxscores/200912300SAC.html,http://www.basketball-reference.com/boxscores/200912300TOR.html
11-12-2009,http://www.basketball-reference.com/boxscores/200911120LAL.html,http://www.basketball-reference.com/boxscores/200911120MIA.html
12-28-2009,http://www.basketball-reference.com/boxscores/200912280CHA.html,http://www.basketball-reference.com/boxscores/200912280GSW.html,http://www.basketball-reference.com/boxscores/200912280MEM.html,http://www.basketball-reference.com/boxscores/200912280NJN.html,http://www.basketball-reference.com/boxscores/200912280PHO.html,http://www.basketball-reference.com/boxscores/200912280POR.html,http://www.basketball-reference.com/boxscores/200912280SAC.html
2-2-2010,http://www.basketball-reference.com/boxscores/201002020CHI.html,http://www.basketball-reference.com/boxscores/201002020CLE.html,http://www.basketball-reference.com/boxscores/201002020HOU.html,http://www.basketball-reference.com/boxscores/201002020IND.html,http://www.basketball-reference.com/boxscores/201002020NJN.html,http://www.basketball-reference.com/boxscores/201002020OKC.html,http://www.basketball-reference.com/boxscores/201002020ORL.html
11-14-2009,http://www.basketball-reference.com/boxscores/200911140ATL.html,http://www.basketball-reference.com/boxscores/200911140CHA.html,http://www.basketball-reference.com/boxscores/200911140CHI.html,http://www.basketball-reference.com/boxscores/200911140CLE.html,http://www.basketball-reference.com/boxscores/200911140IND.html,http://www.basketball-reference.com/boxscores/200911140MEM.html,http://www.basketball-reference.com/boxscores/200911140MIA.html,http://www.basketball-reference.com/boxscores/200911140MIL.html,http://www.basketball-reference.com/boxscores/200911140SAS.html,http://www.basketball-reference.com/boxscores/200911140WAS.html
1-2-2010,http://www.basketball-reference.com/boxscores/201001020BOS.html,http://www.basketball-reference.com/boxscores/201001020CHI.html,http://www.basketball-reference.com/boxscores/201001020IND.html,http://www.basketball-reference.com/boxscores/201001020MIA.html,http://www.basketball-reference.com/boxscores/201001020MIL.html,http://www.basketball-reference.com/boxscores/201001020NJN.html,http://www.basketball-reference.com/boxscores/201001020NOH.html,http://www.basketball-reference.com/boxscores/201001020PHO.html,http://www.basketball-reference.com/boxscores/201001020POR.html,http://www.basketball-reference.com/boxscores/201001020SAC.html,http://www.basketball-reference.com/boxscores/201001020UTA.html,http://www.basketball-reference.com/boxscores/201001020WAS.html
2-22-2010,http://www.basketball-reference.com/boxscores/201002220DAL.html,http://www.basketball-reference.com/boxscores/201002220LAC.html,http://www.basketball-reference.com/boxscores/201002220NYK.html,http://www.basketball-reference.com/boxscores/201002220UTA.html,http://www.basketball-reference.com/boxscores/201002220WAS.html
2-10-2010,http://www.basketball-reference.com/boxscores/201002100ATL.html,http://www.basketball-reference.com/boxscores/201002100CHI.html,http://www.basketball-reference.com/boxscores/201002100DET.html,http://www.basketball-reference.com/boxscores/201002100GSW.html,http://www.basketball-reference.com/boxscores/201002100MIN.html,http://www.basketball-reference.com/boxscores/201002100NJN.html,http://www.basketball-reference.com/boxscores/201002100NOH.html,http://www.basketball-reference.com/boxscores/201002100PHO.html,http://www.basketball-reference.com/boxscores/201002100TOR.html,http://www.basketball-reference.com/boxscores/201002100UTA.html
3-4-2010,http://www.basketball-reference.com/boxscores/201003040CHI.html,http://www.basketball-reference.com/boxscores/201003040MIA.html,http://www.basketball-reference.com/boxscores/201003040PHO.html
3-9-2010,http://www.basketball-reference.com/boxscores/201003090CHA.html,http://www.basketball-reference.com/boxscores/201003090CHI.html,http://www.basketball-reference.com/boxscores/201003090IND.html,http://www.basketball-reference.com/boxscores/201003090LAL.html,http://www.basketball-reference.com/boxscores/201003090MIL.html,http://www.basketball-reference.com/boxscores/201003090ORL.html,http://www.basketball-reference.com/boxscores/201003090POR.html,http://www.basketball-reference.com/boxscores/201003090WAS.html
12-25-2009,http://www.basketball-reference.com/boxscores/200912250LAL.html,http://www.basketball-reference.com/boxscores/200912250NYK.html,http://www.basketball-reference.com/boxscores/200912250ORL.html,http://www.basketball-reference.com/boxscores/200912250PHO.html,http://www.basketball-reference.com/boxscores/200912250POR.html
3-20-2010,http://www.basketball-reference.com/boxscores/201003200DAL.html,http://www.basketball-reference.com/boxscores/201003200DEN.html,http://www.basketball-reference.com/boxscores/201003200MEM.html,http://www.basketball-reference.com/boxscores/201003200MIA.html,http://www.basketball-reference.com/boxscores/201003200NJN.html,http://www.basketball-reference.com/boxscores/201003200PHI.html,http://www.basketball-reference.com/boxscores/201003200UTA.html
1-5-2010,http://www.basketball-reference.com/boxscores/201001050CHA.html,http://www.basketball-reference.com/boxscores/201001050DAL.html,http://www.basketball-reference.com/boxscores/201001050DEN.html,http://www.basketball-reference.com/boxscores/201001050IND.html,http://www.basketball-reference.com/boxscores/201001050LAL.html,http://www.basketball-reference.com/boxscores/201001050NJN.html,http://www.basketball-reference.com/boxscores/201001050PHI.html,http://www.basketball-reference.com/boxscores/201001050POR.html,http://www.basketball-reference.com/boxscores/201001050SAC.html
6-3-2010,http://www.basketball-reference.com/boxscores/201006030LAL.html
5-7-2010,http://www.basketball-reference.com/boxscores/201005070BOS.html,http://www.basketball-reference.com/boxscores/201005070SAS.html
4-4-2010,http://www.basketball-reference.com/boxscores/201004040BOS.html,http://www.basketball-reference.com/boxscores/201004040IND.html,http://www.basketball-reference.com/boxscores/201004040LAC.html,http://www.basketball-reference.com/boxscores/201004040LAL.html,http://www.basketball-reference.com/boxscores/201004040OKC.html,http://www.basketball-reference.com/boxscores/201004040ORL.html,http://www.basketball-reference.com/boxscores/201004040TOR.html,http://www.basketball-reference.com/boxscores/201004040WAS.html
11-4-2009,http://www.basketball-reference.com/boxscores/200911040GSW.html,http://www.basketball-reference.com/boxscores/200911040HOU.html,http://www.basketball-reference.com/boxscores/200911040MIN.html,http://www.basketball-reference.com/boxscores/200911040NJN.html,http://www.basketball-reference.com/boxscores/200911040NOH.html,http://www.basketball-reference.com/boxscores/200911040NYK.html,http://www.basketball-reference.com/boxscores/200911040ORL.html,http://www.basketball-reference.com/boxscores/200911040SAC.html,http://www.basketball-reference.com/boxscores/200911040TOR.html,http://www.basketball-reference.com/boxscores/200911040WAS.html
5-23-2010,http://www.basketball-reference.com/boxscores/201005230PHO.html
1-10-2010,http://www.basketball-reference.com/boxscores/201001100LAC.html,http://www.basketball-reference.com/boxscores/201001100LAL.html,http://www.basketball-reference.com/boxscores/201001100POR.html,http://www.basketball-reference.com/boxscores/201001100SAS.html,http://www.basketball-reference.com/boxscores/201001100TOR.html,http://www.basketball-reference.com/boxscores/201001100WAS.html
12-18-2009,http://www.basketball-reference.com/boxscores/200912180ATL.html,http://www.basketball-reference.com/boxscores/200912180BOS.html,http://www.basketball-reference.com/boxscores/200912180CLE.html,http://www.basketball-reference.com/boxscores/200912180DAL.html,http://www.basketball-reference.com/boxscores/200912180GSW.html,http://www.basketball-reference.com/boxscores/200912180MEM.html,http://www.basketball-reference.com/boxscores/200912180MIN.html,http://www.basketball-reference.com/boxscores/200912180NOH.html,http://www.basketball-reference.com/boxscores/200912180NYK.html,http://www.basketball-reference.com/boxscores/200912180OKC.html,http://www.basketball-reference.com/boxscores/200912180TOR.html
12-27-2009,http://www.basketball-reference.com/boxscores/200912270CLE.html,http://www.basketball-reference.com/boxscores/200912270DEN.html,http://www.basketball-reference.com/boxscores/200912270LAC.html,http://www.basketball-reference.com/boxscores/200912270MIA.html,http://www.basketball-reference.com/boxscores/200912270NYK.html,http://www.basketball-reference.com/boxscores/200912270TOR.html
11-30-2009,http://www.basketball-reference.com/boxscores/200911300DAL.html,http://www.basketball-reference.com/boxscores/200911300GSW.html,http://www.basketball-reference.com/boxscores/200911300MIL.html,http://www.basketball-reference.com/boxscores/200911300UTA.html
5-19-2010,http://www.basketball-reference.com/boxscores/201005190LAL.html
11-2-2009,http://www.basketball-reference.com/boxscores/200911020CHA.html,http://www.basketball-reference.com/boxscores/200911020LAC.html,http://www.basketball-reference.com/boxscores/200911020NYK.html,http://www.basketball-reference.com/boxscores/200911020SAC.html,http://www.basketball-reference.com/boxscores/200911020UTA.html
10-27-2009,http://www.basketball-reference.com/boxscores/200910270CLE.html,http://www.basketball-reference.com/boxscores/200910270DAL.html,http://www.basketball-reference.com/boxscores/200910270LAL.html,http://www.basketball-reference.com/boxscores/200910270POR.html
2-28-2010,http://www.basketball-reference.com/boxscores/201002280ATL.html,http://www.basketball-reference.com/boxscores/201002280DAL.html,http://www.basketball-reference.com/boxscores/201002280LAL.html,http://www.basketball-reference.com/boxscores/201002280NJN.html,http://www.basketball-reference.com/boxscores/201002280OKC.html,http://www.basketball-reference.com/boxscores/201002280ORL.html,http://www.basketball-reference.com/boxscores/201002280SAC.html,http://www.basketball-reference.com/boxscores/201002280SAS.html
5-26-2010,http://www.basketball-reference.com/boxscores/201005260ORL.html
12-3-2009,http://www.basketball-reference.com/boxscores/200912030DEN.html,http://www.basketball-reference.com/boxscores/200912030GSW.html,http://www.basketball-reference.com/boxscores/200912030SAS.html
3-3-2010,http://www.basketball-reference.com/boxscores/201003030ATL.html,http://www.basketball-reference.com/boxscores/201003030BOS.html,http://www.basketball-reference.com/boxscores/201003030DAL.html,http://www.basketball-reference.com/boxscores/201003030DEN.html,http://www.basketball-reference.com/boxscores/201003030HOU.html,http://www.basketball-reference.com/boxscores/201003030LAC.html,http://www.basketball-reference.com/boxscores/201003030MIL.html,http://www.basketball-reference.com/boxscores/201003030NJN.html,http://www.basketball-reference.com/boxscores/201003030NOH.html,http://www.basketball-reference.com/boxscores/201003030NYK.html,http://www.basketball-reference.com/boxscores/201003030ORL.html,http://www.basketball-reference.com/boxscores/201003030POR.html
3-22-2010,http://www.basketball-reference.com/boxscores/201003220CHI.html,http://www.basketball-reference.com/boxscores/201003220GSW.html,http://www.basketball-reference.com/boxscores/201003220MIL.html,http://www.basketball-reference.com/boxscores/201003220MIN.html,http://www.basketball-reference.com/boxscores/201003220NJN.html,http://www.basketball-reference.com/boxscores/201003220NOH.html,http://www.basketball-reference.com/boxscores/201003220OKC.html,http://www.basketball-reference.com/boxscores/201003220PHI.html,http://www.basketball-reference.com/boxscores/201003220SAC.html,http://www.basketball-reference.com/boxscores/201003220UTA.html
3-12-2010,http://www.basketball-reference.com/boxscores/201003120BOS.html,http://www.basketball-reference.com/boxscores/201003120CHA.html,http://www.basketball-reference.com/boxscores/201003120DET.html,http://www.basketball-reference.com/boxscores/201003120MEM.html,http://www.basketball-reference.com/boxscores/201003120MIA.html,http://www.basketball-reference.com/boxscores/201003120MIL.html,http://www.basketball-reference.com/boxscores/201003120MIN.html,http://www.basketball-reference.com/boxscores/201003120NOH.html,http://www.basketball-reference.com/boxscores/201003120OKC.html,http://www.basketball-reference.com/boxscores/201003120PHI.html,http://www.basketball-reference.com/boxscores/201003120PHO.html,http://www.basketball-reference.com/boxscores/201003120SAC.html
11-13-2009,http://www.basketball-reference.com/boxscores/200911130BOS.html,http://www.basketball-reference.com/boxscores/200911130DEN.html,http://www.basketball-reference.com/boxscores/200911130LAC.html,http://www.basketball-reference.com/boxscores/200911130MIN.html,http://www.basketball-reference.com/boxscores/200911130NOH.html,http://www.basketball-reference.com/boxscores/200911130NYK.html,http://www.basketball-reference.com/boxscores/200911130ORL.html,http://www.basketball-reference.com/boxscores/200911130PHI.html,http://www.basketball-reference.com/boxscores/200911130SAC.html
4-30-2010,http://www.basketball-reference.com/boxscores/201004300MIL.html,http://www.basketball-reference.com/boxscores/201004300OKC.html,http://www.basketball-reference.com/boxscores/201004300UTA.html
11-11-2009,http://www.basketball-reference.com/boxscores/200911110BOS.html,http://www.basketball-reference.com/boxscores/200911110DET.html,http://www.basketball-reference.com/boxscores/200911110HOU.html,http://www.basketball-reference.com/boxscores/200911110IND.html,http://www.basketball-reference.com/boxscores/200911110LAC.html,http://www.basketball-reference.com/boxscores/200911110MIL.html,http://www.basketball-reference.com/boxscores/200911110MIN.html,http://www.basketball-reference.com/boxscores/200911110NJN.html,http://www.basketball-reference.com/boxscores/200911110NYK.html,http://www.basketball-reference.com/boxscores/200911110ORL.html,http://www.basketball-reference.com/boxscores/200911110PHO.html,http://www.basketball-reference.com/boxscores/200911110SAS.html,http://www.basketball-reference.com/boxscores/200911110TOR.html
3-21-2010,http://www.basketball-reference.com/boxscores/201003210ATL.html,http://www.basketball-reference.com/boxscores/201003210CLE.html,http://www.basketball-reference.com/boxscores/201003210IND.html,http://www.basketball-reference.com/boxscores/201003210LAC.html,http://www.basketball-reference.com/boxscores/201003210LAL.html,http://www.basketball-reference.com/boxscores/201003210NYK.html,http://www.basketball-reference.com/boxscores/201003210PHO.html
4-19-2010,http://www.basketball-reference.com/boxscores/201004190CLE.html,http://www.basketball-reference.com/boxscores/201004190DEN.html
12-5-2009,http://www.basketball-reference.com/boxscores/200912050CHA.html,http://www.basketball-reference.com/boxscores/200912050CHI.html,http://www.basketball-reference.com/boxscores/200912050DAL.html,http://www.basketball-reference.com/boxscores/200912050GSW.html,http://www.basketball-reference.com/boxscores/200912050LAC.html,http://www.basketball-reference.com/boxscores/200912050MIN.html,http://www.basketball-reference.com/boxscores/200912050PHO.html,http://www.basketball-reference.com/boxscores/200912050POR.html,http://www.basketball-reference.com/boxscores/200912050SAS.html
12-17-2009,http://www.basketball-reference.com/boxscores/200912170CHI.html,http://www.basketball-reference.com/boxscores/200912170MIA.html,http://www.basketball-reference.com/boxscores/200912170POR.html
12-31-2009,http://www.basketball-reference.com/boxscores/200912310DET.html,http://www.basketball-reference.com/boxscores/200912310HOU.html,http://www.basketball-reference.com/boxscores/200912310LAC.html,http://www.basketball-reference.com/boxscores/200912310OKC.html,http://www.basketball-reference.com/boxscores/200912310SAS.html
1-3-2010,http://www.basketball-reference.com/boxscores/201001030CLE.html,http://www.basketball-reference.com/boxscores/201001030DEN.html,http://www.basketball-reference.com/boxscores/201001030LAL.html,http://www.basketball-reference.com/boxscores/201001030NYK.html,http://www.basketball-reference.com/boxscores/201001030TOR.html
12-19-2009,http://www.basketball-reference.com/boxscores/200912190CHA.html,http://www.basketball-reference.com/boxscores/200912190CHI.html,http://www.basketball-reference.com/boxscores/200912190HOU.html,http://www.basketball-reference.com/boxscores/200912190MIL.html,http://www.basketball-reference.com/boxscores/200912190NJN.html,http://www.basketball-reference.com/boxscores/200912190ORL.html,http://www.basketball-reference.com/boxscores/200912190PHI.html,http://www.basketball-reference.com/boxscores/200912190PHO.html,http://www.basketball-reference.com/boxscores/200912190SAS.html
3-7-2010,http://www.basketball-reference.com/boxscores/201003070BOS.html,http://www.basketball-reference.com/boxscores/201003070DEN.html,http://www.basketball-reference.com/boxscores/201003070DET.html,http://www.basketball-reference.com/boxscores/201003070ORL.html,http://www.basketball-reference.com/boxscores/201003070SAC.html,http://www.basketball-reference.com/boxscores/201003070TOR.html
1-11-2010,http://www.basketball-reference.com/boxscores/201001110BOS.html,http://www.basketball-reference.com/boxscores/201001110CHI.html,http://www.basketball-reference.com/boxscores/201001110DEN.html,http://www.basketball-reference.com/boxscores/201001110GSW.html,http://www.basketball-reference.com/boxscores/201001110IND.html,http://www.basketball-reference.com/boxscores/201001110OKC.html,http://www.basketball-reference.com/boxscores/201001110PHI.html,http://www.basketball-reference.com/boxscores/201001110PHO.html,http://www.basketball-reference.com/boxscores/201001110UTA.html
6-17-2010,http://www.basketball-reference.com/boxscores/201006170LAL.html
4-26-2010,http://www.basketball-reference.com/boxscores/201004260CHA.html,http://www.basketball-reference.com/boxscores/201004260MIL.html,http://www.basketball-reference.com/boxscores/201004260PHO.html
10-30-2009,http://www.basketball-reference.com/boxscores/200910300ATL.html,http://www.basketball-reference.com/boxscores/200910300BOS.html,http://www.basketball-reference.com/boxscores/200910300CHA.html,http://www.basketball-reference.com/boxscores/200910300DET.html,http://www.basketball-reference.com/boxscores/200910300IND.html,http://www.basketball-reference.com/boxscores/200910300LAL.html,http://www.basketball-reference.com/boxscores/200910300MEM.html,http://www.basketball-reference.com/boxscores/200910300MIN.html,http://www.basketball-reference.com/boxscores/200910300NJN.html,http://www.basketball-reference.com/boxscores/200910300NOH.html,http://www.basketball-reference.com/boxscores/200910300PHI.html,http://www.basketball-reference.com/boxscores/200910300PHO.html,http://www.basketball-reference.com/boxscores/200910300UTA.html
5-16-2010,http://www.basketball-reference.com/boxscores/201005160ORL.html
1-17-2010,http://www.basketball-reference.com/boxscores/201001170DEN.html,http://www.basketball-reference.com/boxscores/201001170TOR.html
2-21-2010,http://www.basketball-reference.com/boxscores/201002210DEN.html,http://www.basketball-reference.com/boxscores/201002210DET.html,http://www.basketball-reference.com/boxscores/201002210GSW.html,http://www.basketball-reference.com/boxscores/201002210MIN.html,http://www.basketball-reference.com/boxscores/201002210NJN.html,http://www.basketball-reference.com/boxscores/201002210NOH.html,http://www.basketball-reference.com/boxscores/201002210ORL.html,http://www.basketball-reference.com/boxscores/201002210PHO.html,http://www.basketball-reference.com/boxscores/201002210POR.html
4-23-2010,http://www.basketball-reference.com/boxscores/201004230MIA.html,http://www.basketball-reference.com/boxscores/201004230SAS.html,http://www.basketball-reference.com/boxscores/201004230UTA.html
3-6-2010,http://www.basketball-reference.com/boxscores/201003060CHA.html,http://www.basketball-reference.com/boxscores/201003060CHI.html,http://www.basketball-reference.com/boxscores/201003060MEM.html,http://www.basketball-reference.com/boxscores/201003060MIA.html,http://www.basketball-reference.com/boxscores/201003060MIL.html,http://www.basketball-reference.com/boxscores/201003060MIN.html,http://www.basketball-reference.com/boxscores/201003060NYK.html,http://www.basketball-reference.com/boxscores/201003060PHO.html,http://www.basketball-reference.com/boxscores/201003060UTA.html
11-9-2009,http://www.basketball-reference.com/boxscores/200911090GSW.html,http://www.basketball-reference.com/boxscores/200911090LAC.html,http://www.basketball-reference.com/boxscores/200911090NYK.html,http://www.basketball-reference.com/boxscores/200911090PHI.html,http://www.basketball-reference.com/boxscores/200911090SAS.html
3-18-2010,http://www.basketball-reference.com/boxscores/201003180DEN.html,http://www.basketball-reference.com/boxscores/201003180MIA.html
2-9-2010,http://www.basketball-reference.com/boxscores/201002090CHA.html,http://www.basketball-reference.com/boxscores/201002090CLE.html,http://www.basketball-reference.com/boxscores/201002090DEN.html,http://www.basketball-reference.com/boxscores/201002090IND.html,http://www.basketball-reference.com/boxscores/201002090LAC.html,http://www.basketball-reference.com/boxscores/201002090MEM.html,http://www.basketball-reference.com/boxscores/201002090MIA.html,http://www.basketball-reference.com/boxscores/201002090MIL.html,http://www.basketball-reference.com/boxscores/201002090NYK.html,http://www.basketball-reference.com/boxscores/201002090PHI.html,http://www.basketball-reference.com/boxscores/201002090POR.html
5-4-2010,http://www.basketball-reference.com/boxscores/201005040LAL.html,http://www.basketball-reference.com/boxscores/201005040ORL.html
2-4-2010,http://www.basketball-reference.com/boxscores/201002040CLE.html,http://www.basketball-reference.com/boxscores/201002040POR.html
1-16-2010,http://www.basketball-reference.com/boxscores/201001160CHA.html,http://www.basketball-reference.com/boxscores/201001160DET.html,http://www.basketball-reference.com/boxscores/201001160IND.html,http://www.basketball-reference.com/boxscores/201001160LAC.html,http://www.basketball-reference.com/boxscores/201001160MEM.html,http://www.basketball-reference.com/boxscores/201001160OKC.html,http://www.basketball-reference.com/boxscores/201001160UTA.html,http://www.basketball-reference.com/boxscores/201001160WAS.html
3-5-2010,http://www.basketball-reference.com/boxscores/201003050ATL.html,http://www.basketball-reference.com/boxscores/201003050CHA.html,http://www.basketball-reference.com/boxscores/201003050CLE.html,http://www.basketball-reference.com/boxscores/201003050DAL.html,http://www.basketball-reference.com/boxscores/201003050DEN.html,http://www.basketball-reference.com/boxscores/201003050LAC.html,http://www.basketball-reference.com/boxscores/201003050NJN.html,http://www.basketball-reference.com/boxscores/201003050PHI.html,http://www.basketball-reference.com/boxscores/201003050SAS.html,http://www.basketball-reference.com/boxscores/201003050TOR.html,http://www.basketball-reference.com/boxscores/201003050WAS.html
1-4-2010,http://www.basketball-reference.com/boxscores/201001040CHI.html,http://www.basketball-reference.com/boxscores/201001040LAC.html,http://www.basketball-reference.com/boxscores/201001040MIA.html,http://www.basketball-reference.com/boxscores/201001040UTA.html
3-25-2010,http://www.basketball-reference.com/boxscores/201003250CHI.html,http://www.basketball-reference.com/boxscores/201003250HOU.html,http://www.basketball-reference.com/boxscores/201003250POR.html
3-19-2010,http://www.basketball-reference.com/boxscores/201003190ATL.html,http://www.basketball-reference.com/boxscores/201003190CHI.html,http://www.basketball-reference.com/boxscores/201003190HOU.html,http://www.basketball-reference.com/boxscores/201003190IND.html,http://www.basketball-reference.com/boxscores/201003190LAL.html,http://www.basketball-reference.com/boxscores/201003190NYK.html,http://www.basketball-reference.com/boxscores/201003190PHO.html,http://www.basketball-reference.com/boxscores/201003190POR.html,http://www.basketball-reference.com/boxscores/201003190SAC.html,http://www.basketball-reference.com/boxscores/201003190SAS.html,http://www.basketball-reference.com/boxscores/201003190TOR.html
4-14-2010,http://www.basketball-reference.com/boxscores/201004140ATL.html,http://www.basketball-reference.com/boxscores/201004140BOS.html,http://www.basketball-reference.com/boxscores/201004140CHA.html,http://www.basketball-reference.com/boxscores/201004140DAL.html,http://www.basketball-reference.com/boxscores/201004140HOU.html,http://www.basketball-reference.com/boxscores/201004140LAC.html,http://www.basketball-reference.com/boxscores/201004140MIA.html,http://www.basketball-reference.com/boxscores/201004140MIN.html,http://www.basketball-reference.com/boxscores/201004140OKC.html,http://www.basketball-reference.com/boxscores/201004140ORL.html,http://www.basketball-reference.com/boxscores/201004140POR.html,http://www.basketball-reference.com/boxscores/201004140TOR.html,http://www.basketball-reference.com/boxscores/201004140UTA.html,http://www.basketball-reference.com/boxscores/201004140WAS.html
2-25-2010,http://www.basketball-reference.com/boxscores/201002250BOS.html,http://www.basketball-reference.com/boxscores/201002250GSW.html,http://www.basketball-reference.com/boxscores/201002250IND.html
11-28-2009,http://www.basketball-reference.com/boxscores/200911280CLE.html,http://www.basketball-reference.com/boxscores/200911280GSW.html,http://www.basketball-reference.com/boxscores/200911280MIL.html,http://www.basketball-reference.com/boxscores/200911280UTA.html,http://www.basketball-reference.com/boxscores/200911280WAS.html
3-1-2010,http://www.basketball-reference.com/boxscores/201003010CHA.html,http://www.basketball-reference.com/boxscores/201003010CHI.html,http://www.basketball-reference.com/boxscores/201003010CLE.html,http://www.basketball-reference.com/boxscores/201003010HOU.html,http://www.basketball-reference.com/boxscores/201003010LAC.html,http://www.basketball-reference.com/boxscores/201003010MEM.html,http://www.basketball-reference.com/boxscores/201003010NOH.html,http://www.basketball-reference.com/boxscores/201003010PHI.html,http://www.basketball-reference.com/boxscores/201003010PHO.html
3-8-2010,http://www.basketball-reference.com/boxscores/201003080CLE.html,http://www.basketball-reference.com/boxscores/201003080MEM.html,http://www.basketball-reference.com/boxscores/201003080MIN.html,http://www.basketball-reference.com/boxscores/201003080NOH.html,http://www.basketball-reference.com/boxscores/201003080NYK.html
4-8-2010,http://www.basketball-reference.com/boxscores/201004080CHI.html,http://www.basketball-reference.com/boxscores/201004080DEN.html,http://www.basketball-reference.com/boxscores/201004080SAC.html
3-29-2010,http://www.basketball-reference.com/boxscores/201003290CHA.html,http://www.basketball-reference.com/boxscores/201003290DAL.html,http://www.basketball-reference.com/boxscores/201003290NJN.html,http://www.basketball-reference.com/boxscores/201003290NOH.html,http://www.basketball-reference.com/boxscores/201003290UTA.html
1-20-2010,http://www.basketball-reference.com/boxscores/201001200ATL.html,http://www.basketball-reference.com/boxscores/201001200CHA.html,http://www.basketball-reference.com/boxscores/201001200DET.html,http://www.basketball-reference.com/boxscores/201001200GSW.html,http://www.basketball-reference.com/boxscores/201001200LAC.html,http://www.basketball-reference.com/boxscores/201001200MIL.html,http://www.basketball-reference.com/boxscores/201001200MIN.html,http://www.basketball-reference.com/boxscores/201001200NOH.html,http://www.basketball-reference.com/boxscores/201001200ORL.html,http://www.basketball-reference.com/boxscores/201001200PHI.html,http://www.basketball-reference.com/boxscores/201001200PHO.html,http://www.basketball-reference.com/boxscores/201001200SAS.html,http://www.basketball-reference.com/boxscores/201001200WAS.html
4-6-2010,http://www.basketball-reference.com/boxscores/201004060CHA.html,http://www.basketball-reference.com/boxscores/201004060CHI.html,http://www.basketball-reference.com/boxscores/201004060CLE.html,http://www.basketball-reference.com/boxscores/201004060MEM.html,http://www.basketball-reference.com/boxscores/201004060NYK.html,http://www.basketball-reference.com/boxscores/201004060PHI.html,http://www.basketball-reference.com/boxscores/201004060SAC.html,http://www.basketball-reference.com/boxscores/201004060UTA.html,http://www.basketball-reference.com/boxscores/201004060WAS.html
12-29-2009,http://www.basketball-reference.com/boxscores/200912290ATL.html,http://www.basketball-reference.com/boxscores/200912290CHI.html,http://www.basketball-reference.com/boxscores/200912290DET.html,http://www.basketball-reference.com/boxscores/200912290HOU.html,http://www.basketball-reference.com/boxscores/200912290LAL.html,http://www.basketball-reference.com/boxscores/200912290SAS.html,http://www.basketball-reference.com/boxscores/200912290WAS.html
1-12-2010,http://www.basketball-reference.com/boxscores/201001120CHA.html,http://www.basketball-reference.com/boxscores/201001120MEM.html,http://www.basketball-reference.com/boxscores/201001120SAC.html,http://www.basketball-reference.com/boxscores/201001120SAS.html,http://www.basketball-reference.com/boxscores/201001120WAS.html
6-10-2010,http://www.basketball-reference.com/boxscores/201006100BOS.html
12-21-2009,http://www.basketball-reference.com/boxscores/200912210CHI.html,http://www.basketball-reference.com/boxscores/200912210IND.html,http://www.basketball-reference.com/boxscores/200912210ORL.html,http://www.basketball-reference.com/boxscores/200912210PHO.html,http://www.basketball-reference.com/boxscores/200912210SAS.html
11-6-2009,http://www.basketball-reference.com/boxscores/200911060BOS.html,http://www.basketball-reference.com/boxscores/200911060CHA.html,http://www.basketball-reference.com/boxscores/200911060GSW.html,http://www.basketball-reference.com/boxscores/200911060HOU.html,http://www.basketball-reference.com/boxscores/200911060IND.html,http://www.basketball-reference.com/boxscores/200911060LAL.html,http://www.basketball-reference.com/boxscores/200911060MIA.html,http://www.basketball-reference.com/boxscores/200911060MIN.html,http://www.basketball-reference.com/boxscores/200911060NOH.html,http://www.basketball-reference.com/boxscores/200911060NYK.html,http://www.basketball-reference.com/boxscores/200911060ORL.html,http://www.basketball-reference.com/boxscores/200911060PHI.html,http://www.basketball-reference.com/boxscores/200911060POR.html
11-1-2009,http://www.basketball-reference.com/boxscores/200911010BOS.html,http://www.basketball-reference.com/boxscores/200911010DEN.html,http://www.basketball-reference.com/boxscores/200911010LAL.html,http://www.basketball-reference.com/boxscores/200911010MIA.html,http://www.basketball-reference.com/boxscores/200911010OKC.html,http://www.basketball-reference.com/boxscores/200911010PHO.html,http://www.basketball-reference.com/boxscores/200911010TOR.html
1-19-2010,http://www.basketball-reference.com/boxscores/201001190CLE.html,http://www.basketball-reference.com/boxscores/201001190MIA.html
10-31-2009,http://www.basketball-reference.com/boxscores/200910310CLE.html,http://www.basketball-reference.com/boxscores/200910310HOU.html,http://www.basketball-reference.com/boxscores/200910310LAC.html,http://www.basketball-reference.com/boxscores/200910310MIL.html,http://www.basketball-reference.com/boxscores/200910310NYK.html,http://www.basketball-reference.com/boxscores/200910310SAS.html,http://www.basketball-reference.com/boxscores/200910310WAS.html
4-27-2010,http://www.basketball-reference.com/boxscores/201004270BOS.html,http://www.basketball-reference.com/boxscores/201004270CLE.html,http://www.basketball-reference.com/boxscores/201004270DAL.html,http://www.basketball-reference.com/boxscores/201004270LAL.html
11-16-2009,http://www.basketball-reference.com/boxscores/200911160ATL.html,http://www.basketball-reference.com/boxscores/200911160MIL.html,http://www.basketball-reference.com/boxscores/200911160ORL.html
3-28-2010,http://www.basketball-reference.com/boxscores/201003280ATL.html,http://www.basketball-reference.com/boxscores/201003280BOS.html,http://www.basketball-reference.com/boxscores/201003280CLE.html,http://www.basketball-reference.com/boxscores/201003280DET.html,http://www.basketball-reference.com/boxscores/201003280LAC.html,http://www.basketball-reference.com/boxscores/201003280MIA.html,http://www.basketball-reference.com/boxscores/201003280MIL.html,http://www.basketball-reference.com/boxscores/201003280MIN.html,http://www.basketball-reference.com/boxscores/201003280OKC.html,http://www.basketball-reference.com/boxscores/201003280ORL.html
3-30-2010,http://www.basketball-reference.com/boxscores/201003300CHI.html,http://www.basketball-reference.com/boxscores/201003300HOU.html,http://www.basketball-reference.com/boxscores/201003300IND.html,http://www.basketball-reference.com/boxscores/201003300MIL.html,http://www.basketball-reference.com/boxscores/201003300PHI.html
11-15-2009,http://www.basketball-reference.com/boxscores/200911150DET.html,http://www.basketball-reference.com/boxscores/200911150LAL.html,http://www.basketball-reference.com/boxscores/200911150OKC.html,http://www.basketball-reference.com/boxscores/200911150PHO.html
1-27-2010,http://www.basketball-reference.com/boxscores/201001270CLE.html,http://www.basketball-reference.com/boxscores/201001270DET.html,http://www.basketball-reference.com/boxscores/201001270GSW.html,http://www.basketball-reference.com/boxscores/201001270HOU.html,http://www.basketball-reference.com/boxscores/201001270IND.html,http://www.basketball-reference.com/boxscores/201001270MIL.html,http://www.basketball-reference.com/boxscores/201001270NJN.html,http://www.basketball-reference.com/boxscores/201001270OKC.html,http://www.basketball-reference.com/boxscores/201001270POR.html,http://www.basketball-reference.com/boxscores/201001270SAS.html,http://www.basketball-reference.com/boxscores/201001270TOR.html
3-26-2010,http://www.basketball-reference.com/boxscores/201003260BOS.html,http://www.basketball-reference.com/boxscores/201003260CHA.html,http://www.basketball-reference.com/boxscores/201003260IND.html,http://www.basketball-reference.com/boxscores/201003260MIL.html,http://www.basketball-reference.com/boxscores/201003260NJN.html,http://www.basketball-reference.com/boxscores/201003260OKC.html,http://www.basketball-reference.com/boxscores/201003260ORL.html,http://www.basketball-reference.com/boxscores/201003260PHI.html,http://www.basketball-reference.com/boxscores/201003260PHO.html,http://www.basketball-reference.com/boxscores/201003260SAS.html,http://www.basketball-reference.com/boxscores/201003260TOR.html
12-26-2009,http://www.basketball-reference.com/boxscores/200912260CHI.html,http://www.basketball-reference.com/boxscores/200912260DAL.html,http://www.basketball-reference.com/boxscores/200912260GSW.html,http://www.basketball-reference.com/boxscores/200912260IND.html,http://www.basketball-reference.com/boxscores/200912260MIL.html,http://www.basketball-reference.com/boxscores/200912260MIN.html,http://www.basketball-reference.com/boxscores/200912260NJN.html,http://www.basketball-reference.com/boxscores/200912260OKC.html,http://www.basketball-reference.com/boxscores/200912260SAC.html,http://www.basketball-reference.com/boxscores/200912260UTA.html
3-16-2010,http://www.basketball-reference.com/boxscores/201003160DEN.html,http://www.basketball-reference.com/boxscores/201003160DET.html,http://www.basketball-reference.com/boxscores/201003160IND.html,http://www.basketball-reference.com/boxscores/201003160MEM.html,http://www.basketball-reference.com/boxscores/201003160MIA.html,http://www.basketball-reference.com/boxscores/201003160NJN.html,http://www.basketball-reference.com/boxscores/201003160PHO.html,http://www.basketball-reference.com/boxscores/201003160SAC.html
12-10-2009,http://www.basketball-reference.com/boxscores/200912100DET.html,http://www.basketball-reference.com/boxscores/200912100UTA.html,http://www.basketball-reference.com/boxscores/200912100WAS.html
12-9-2009,http://www.basketball-reference.com/boxscores/200912090ATL.html,http://www.basketball-reference.com/boxscores/200912090HOU.html,http://www.basketball-reference.com/boxscores/200912090IND.html,http://www.basketball-reference.com/boxscores/200912090LAL.html,http://www.basketball-reference.com/boxscores/200912090MIL.html,http://www.basketball-reference.com/boxscores/200912090MIN.html,http://www.basketball-reference.com/boxscores/200912090NJN.html,http://www.basketball-reference.com/boxscores/200912090PHI.html,http://www.basketball-reference.com/boxscores/200912090SAS.html
1-8-2010,http://www.basketball-reference.com/boxscores/201001080ATL.html,http://www.basketball-reference.com/boxscores/201001080DEN.html,http://www.basketball-reference.com/boxscores/201001080GSW.html,http://www.basketball-reference.com/boxscores/201001080MEM.html,http://www.basketball-reference.com/boxscores/201001080MIL.html,http://www.basketball-reference.com/boxscores/201001080MIN.html,http://www.basketball-reference.com/boxscores/201001080NOH.html,http://www.basketball-reference.com/boxscores/201001080PHI.html,http://www.basketball-reference.com/boxscores/201001080PHO.html,http://www.basketball-reference.com/boxscores/201001080POR.html,http://www.basketball-reference.com/boxscores/201001080SAS.html,http://www.basketball-reference.com/boxscores/201001080WAS.html
2-8-2010,http://www.basketball-reference.com/boxscores/201002080GSW.html,http://www.basketball-reference.com/boxscores/201002080LAL.html,http://www.basketball-reference.com/boxscores/201002080ORL.html
1-23-2010,http://www.basketball-reference.com/boxscores/201001230CHA.html,http://www.basketball-reference.com/boxscores/201001230CLE.html,http://www.basketball-reference.com/boxscores/201001230DEN.html,http://www.basketball-reference.com/boxscores/201001230DET.html,http://www.basketball-reference.com/boxscores/201001230HOU.html,http://www.basketball-reference.com/boxscores/201001230IND.html,http://www.basketball-reference.com/boxscores/201001230MIA.html,http://www.basketball-reference.com/boxscores/201001230MIL.html,http://www.basketball-reference.com/boxscores/201001230PHO.html,http://www.basketball-reference.com/boxscores/201001230UTA.html
11-17-2009,http://www.basketball-reference.com/boxscores/200911170CLE.html,http://www.basketball-reference.com/boxscores/200911170DEN.html,http://www.basketball-reference.com/boxscores/200911170HOU.html,http://www.basketball-reference.com/boxscores/200911170LAL.html,http://www.basketball-reference.com/boxscores/200911170MIA.html,http://www.basketball-reference.com/boxscores/200911170NJN.html,http://www.basketball-reference.com/boxscores/200911170NOH.html,http://www.basketball-reference.com/boxscores/200911170SAC.html
12-6-2009,http://www.basketball-reference.com/boxscores/200912060DET.html,http://www.basketball-reference.com/boxscores/200912060LAL.html,http://www.basketball-reference.com/boxscores/200912060MIL.html,http://www.basketball-reference.com/boxscores/200912060NYK.html,http://www.basketball-reference.com/boxscores/200912060SAC.html
5-18-2010,http://www.basketball-reference.com/boxscores/201005180ORL.html
11-24-2009,http://www.basketball-reference.com/boxscores/200911240DAL.html,http://www.basketball-reference.com/boxscores/200911240DEN.html,http://www.basketball-reference.com/boxscores/200911240LAL.html,http://www.basketball-reference.com/boxscores/200911240TOR.html,http://www.basketball-reference.com/boxscores/200911240UTA.html,http://www.basketball-reference.com/boxscores/200911240WAS.html
6-13-2010,http://www.basketball-reference.com/boxscores/201006130BOS.html
12-12-2009,http://www.basketball-reference.com/boxscores/200912120CHI.html,http://www.basketball-reference.com/boxscores/200912120DAL.html,http://www.basketball-reference.com/boxscores/200912120DEN.html,http://www.basketball-reference.com/boxscores/200912120DET.html,http://www.basketball-reference.com/boxscores/200912120MIL.html,http://www.basketball-reference.com/boxscores/200912120SAC.html,http://www.basketball-reference.com/boxscores/200912120UTA.html,http://www.basketball-reference.com/boxscores/200912120WAS.html
12-2-2009,http://www.basketball-reference.com/boxscores/200912020ATL.html,http://www.basketball-reference.com/boxscores/200912020CHI.html,http://www.basketball-reference.com/boxscores/200912020CLE.html,http://www.basketball-reference.com/boxscores/200912020LAC.html,http://www.basketball-reference.com/boxscores/200912020MIN.html,http://www.basketball-reference.com/boxscores/200912020NJN.html,http://www.basketball-reference.com/boxscores/200912020OKC.html,http://www.basketball-reference.com/boxscores/200912020ORL.html,http://www.basketball-reference.com/boxscores/200912020SAC.html,http://www.basketball-reference.com/boxscores/200912020WAS.html
5-27-2010,http://www.basketball-reference.com/boxscores/201005270LAL.html
12-4-2009,http://www.basketball-reference.com/boxscores/200912040ATL.html,http://www.basketball-reference.com/boxscores/200912040CLE.html,http://www.basketball-reference.com/boxscores/200912040DET.html,http://www.basketball-reference.com/boxscores/200912040LAL.html,http://www.basketball-reference.com/boxscores/200912040MEM.html,http://www.basketball-reference.com/boxscores/200912040NJN.html,http://www.basketball-reference.com/boxscores/200912040NOH.html,http://www.basketball-reference.com/boxscores/200912040OKC.html,http://www.basketball-reference.com/boxscores/200912040UTA.html,http://www.basketball-reference.com/boxscores/200912040WAS.html
4-9-2010,http://www.basketball-reference.com/boxscores/201004090ATL.html,http://www.basketball-reference.com/boxscores/201004090BOS.html,http://www.basketball-reference.com/boxscores/201004090CLE.html,http://www.basketball-reference.com/boxscores/201004090HOU.html,http://www.basketball-reference.com/boxscores/201004090MIA.html,http://www.basketball-reference.com/boxscores/201004090MIN.html,http://www.basketball-reference.com/boxscores/201004090NJN.html,http://www.basketball-reference.com/boxscores/201004090NOH.html,http://www.basketball-reference.com/boxscores/201004090OKC.html,http://www.basketball-reference.com/boxscores/201004090ORL.html,http://www.basketball-reference.com/boxscores/201004090PHI.html,http://www.basketball-reference.com/boxscores/201004090POR.html,http://www.basketball-reference.com/boxscores/201004090SAS.html
1-22-2010,http://www.basketball-reference.com/boxscores/201001220ATL.html,http://www.basketball-reference.com/boxscores/201001220BOS.html,http://www.basketball-reference.com/boxscores/201001220DET.html,http://www.basketball-reference.com/boxscores/201001220GSW.html,http://www.basketball-reference.com/boxscores/201001220MEM.html,http://www.basketball-reference.com/boxscores/201001220MIN.html,http://www.basketball-reference.com/boxscores/201001220NYK.html,http://www.basketball-reference.com/boxscores/201001220ORL.html,http://www.basketball-reference.com/boxscores/201001220PHI.html,http://www.basketball-reference.com/boxscores/201001220PHO.html,http://www.basketball-reference.com/boxscores/201001220SAS.html,http://www.basketball-reference.com/boxscores/201001220TOR.html,http://www.basketball-reference.com/boxscores/201001220WAS.html
2-26-2010,http://www.basketball-reference.com/boxscores/201002260ATL.html,http://www.basketball-reference.com/boxscores/201002260CHI.html,http://www.basketball-reference.com/boxscores/201002260DEN.html,http://www.basketball-reference.com/boxscores/201002260HOU.html,http://www.basketball-reference.com/boxscores/201002260LAL.html,http://www.basketball-reference.com/boxscores/201002260MEM.html,http://www.basketball-reference.com/boxscores/201002260NOH.html,http://www.basketball-reference.com/boxscores/201002260OKC.html,http://www.basketball-reference.com/boxscores/201002260PHO.html,http://www.basketball-reference.com/boxscores/201002260SAC.html,http://www.basketball-reference.com/boxscores/201002260TOR.html,http://www.basketball-reference.com/boxscores/201002260WAS.html
4-22-2010,http://www.basketball-reference.com/boxscores/201004220CHI.html,http://www.basketball-reference.com/boxscores/201004220OKC.html,http://www.basketball-reference.com/boxscores/201004220POR.html
1-31-2010,http://www.basketball-reference.com/boxscores/201001310BOS.html,http://www.basketball-reference.com/boxscores/201001310CLE.html,http://www.basketball-reference.com/boxscores/201001310DET.html,http://www.basketball-reference.com/boxscores/201001310HOU.html,http://www.basketball-reference.com/boxscores/201001310MIN.html,http://www.basketball-reference.com/boxscores/201001310NJN.html,http://www.basketball-reference.com/boxscores/201001310OKC.html,http://www.basketball-reference.com/boxscores/201001310SAS.html,http://www.basketball-reference.com/boxscores/201001310TOR.html
4-1-2010,http://www.basketball-reference.com/boxscores/201004010DAL.html,http://www.basketball-reference.com/boxscores/201004010DEN.html
4-12-2010,http://www.basketball-reference.com/boxscores/201004120DEN.html,http://www.basketball-reference.com/boxscores/201004120DET.html,http://www.basketball-reference.com/boxscores/201004120IND.html,http://www.basketball-reference.com/boxscores/201004120LAC.html,http://www.basketball-reference.com/boxscores/201004120MIL.html,http://www.basketball-reference.com/boxscores/201004120NJN.html,http://www.basketball-reference.com/boxscores/201004120NYK.html,http://www.basketball-reference.com/boxscores/201004120PHI.html,http://www.basketball-reference.com/boxscores/201004120POR.html,http://www.basketball-reference.com/boxscores/201004120SAC.html,http://www.basketball-reference.com/boxscores/201004120SAS.html
1-21-2010,http://www.basketball-reference.com/boxscores/201001210CLE.html,http://www.basketball-reference.com/boxscores/201001210DEN.html
11-5-2009,http://www.basketball-reference.com/boxscores/200911050CLE.html,http://www.basketball-reference.com/boxscores/200911050UTA.html
2-1-2010,http://www.basketball-reference.com/boxscores/201002010DEN.html,http://www.basketball-reference.com/boxscores/201002010MEM.html,http://www.basketball-reference.com/boxscores/201002010MIA.html,http://www.basketball-reference.com/boxscores/201002010NOH.html,http://www.basketball-reference.com/boxscores/201002010POR.html,http://www.basketball-reference.com/boxscores/201002010UTA.html,http://www.basketball-reference.com/boxscores/201002010WAS.html
12-16-2009,http://www.basketball-reference.com/boxscores/200912160ATL.html,http://www.basketball-reference.com/boxscores/200912160DEN.html,http://www.basketball-reference.com/boxscores/200912160GSW.html,http://www.basketball-reference.com/boxscores/200912160IND.html,http://www.basketball-reference.com/boxscores/200912160MIL.html,http://www.basketball-reference.com/boxscores/200912160MIN.html,http://www.basketball-reference.com/boxscores/200912160NJN.html,http://www.basketball-reference.com/boxscores/200912160NOH.html,http://www.basketball-reference.com/boxscores/200912160OKC.html,http://www.basketball-reference.com/boxscores/200912160ORL.html,http://www.basketball-reference.com/boxscores/200912160PHI.html,http://www.basketball-reference.com/boxscores/200912160SAC.html
10-28-2009,http://www.basketball-reference.com/boxscores/200910280ATL.html,http://www.basketball-reference.com/boxscores/200910280BOS.html,http://www.basketball-reference.com/boxscores/200910280DEN.html,http://www.basketball-reference.com/boxscores/200910280GSW.html,http://www.basketball-reference.com/boxscores/200910280LAC.html,http://www.basketball-reference.com/boxscores/200910280MEM.html,http://www.basketball-reference.com/boxscores/200910280MIA.html,http://www.basketball-reference.com/boxscores/200910280MIN.html,http://www.basketball-reference.com/boxscores/200910280OKC.html,http://www.basketball-reference.com/boxscores/200910280ORL.html,http://www.basketball-reference.com/boxscores/200910280SAS.html,http://www.basketball-reference.com/boxscores/200910280TOR.html
2-27-2010,http://www.basketball-reference.com/boxscores/201002270BOS.html,http://www.basketball-reference.com/boxscores/201002270GSW.html,http://www.basketball-reference.com/boxscores/201002270IND.html,http://www.basketball-reference.com/boxscores/201002270MIA.html,http://www.basketball-reference.com/boxscores/201002270MIN.html,http://www.basketball-reference.com/boxscores/201002270NYK.html,http://www.basketball-reference.com/boxscores/201002270UTA.html
1-13-2010,http://www.basketball-reference.com/boxscores/201001130ATL.html,http://www.basketball-reference.com/boxscores/201001130DAL.html,http://www.basketball-reference.com/boxscores/201001130DEN.html,http://www.basketball-reference.com/boxscores/201001130GSW.html,http://www.basketball-reference.com/boxscores/201001130HOU.html,http://www.basketball-reference.com/boxscores/201001130IND.html,http://www.basketball-reference.com/boxscores/201001130NJN.html,http://www.basketball-reference.com/boxscores/201001130NOH.html,http://www.basketball-reference.com/boxscores/201001130OKC.html,http://www.basketball-reference.com/boxscores/201001130PHI.html,http://www.basketball-reference.com/boxscores/201001130POR.html
4-20-2010,http://www.basketball-reference.com/boxscores/201004200ATL.html,http://www.basketball-reference.com/boxscores/201004200BOS.html,http://www.basketball-reference.com/boxscores/201004200LAL.html,http://www.basketball-reference.com/boxscores/201004200PHO.html
1-25-2010,http://www.basketball-reference.com/boxscores/201001250BOS.html,http://www.basketball-reference.com/boxscores/201001250DEN.html,http://www.basketball-reference.com/boxscores/201001250HOU.html,http://www.basketball-reference.com/boxscores/201001250MEM.html,http://www.basketball-reference.com/boxscores/201001250MIA.html,http://www.basketball-reference.com/boxscores/201001250PHI.html,http://www.basketball-reference.com/boxscores/201001250POR.html,http://www.basketball-reference.com/boxscores/201001250SAS.html,http://www.basketball-reference.com/boxscores/201001250UTA.html
2-11-2010,http://www.basketball-reference.com/boxscores/201002110CLE.html,http://www.basketball-reference.com/boxscores/201002110DEN.html
11-19-2009,http://www.basketball-reference.com/boxscores/200911190LAL.html,http://www.basketball-reference.com/boxscores/200911190NOH.html,http://www.basketball-reference.com/boxscores/200911190SAS.html
5-10-2010,http://www.basketball-reference.com/boxscores/201005100ATL.html,http://www.basketball-reference.com/boxscores/201005100UTA.html
5-6-2010,http://www.basketball-reference.com/boxscores/201005060ORL.html
12-13-2009,http://www.basketball-reference.com/boxscores/200912130ATL.html,http://www.basketball-reference.com/boxscores/200912130LAC.html,http://www.basketball-reference.com/boxscores/200912130MIA.html,http://www.basketball-reference.com/boxscores/200912130OKC.html,http://www.basketball-reference.com/boxscores/200912130TOR.html
3-17-2010,http://www.basketball-reference.com/boxscores/201003170BOS.html,http://www.basketball-reference.com/boxscores/201003170CHA.html,http://www.basketball-reference.com/boxscores/201003170CLE.html,http://www.basketball-reference.com/boxscores/201003170DAL.html,http://www.basketball-reference.com/boxscores/201003170GSW.html,http://www.basketball-reference.com/boxscores/201003170HOU.html,http://www.basketball-reference.com/boxscores/201003170LAC.html,http://www.basketball-reference.com/boxscores/201003170ORL.html,http://www.basketball-reference.com/boxscores/201003170PHI.html,http://www.basketball-reference.com/boxscores/201003170TOR.html,http://www.basketball-reference.com/boxscores/201003170UTA.html
1-29-2010,http://www.basketball-reference.com/boxscores/201001290ATL.html,http://www.basketball-reference.com/boxscores/201001290DET.html,http://www.basketball-reference.com/boxscores/201001290GSW.html,http://www.basketball-reference.com/boxscores/201001290HOU.html,http://www.basketball-reference.com/boxscores/201001290IND.html,http://www.basketball-reference.com/boxscores/201001290MIN.html,http://www.basketball-reference.com/boxscores/201001290NJN.html,http://www.basketball-reference.com/boxscores/201001290NOH.html,http://www.basketball-reference.com/boxscores/201001290OKC.html,http://www.basketball-reference.com/boxscores/201001290PHI.html,http://www.basketball-reference.com/boxscores/201001290SAS.html,http://www.basketball-reference.com/boxscores/201001290UTA.html
4-2-2010,http://www.basketball-reference.com/boxscores/201004020BOS.html,http://www.basketball-reference.com/boxscores/201004020CHA.html,http://www.basketball-reference.com/boxscores/201004020CLE.html,http://www.basketball-reference.com/boxscores/201004020DET.html,http://www.basketball-reference.com/boxscores/201004020GSW.html,http://www.basketball-reference.com/boxscores/201004020IND.html,http://www.basketball-reference.com/boxscores/201004020LAL.html,http://www.basketball-reference.com/boxscores/201004020MEM.html,http://www.basketball-reference.com/boxscores/201004020SAS.html,http://www.basketball-reference.com/boxscores/201004020WAS.html
11-26-2009,http://www.basketball-reference.com/boxscores/200911260ATL.html,http://www.basketball-reference.com/boxscores/200911260UTA.html
4-13-2010,http://www.basketball-reference.com/boxscores/201004130CHI.html,http://www.basketball-reference.com/boxscores/201004130GSW.html,http://www.basketball-reference.com/boxscores/201004130LAL.html,http://www.basketball-reference.com/boxscores/201004130PHO.html
2-19-2010,http://www.basketball-reference.com/boxscores/201002190CHA.html,http://www.basketball-reference.com/boxscores/201002190DET.html,http://www.basketball-reference.com/boxscores/201002190GSW.html,http://www.basketball-reference.com/boxscores/201002190MEM.html,http://www.basketball-reference.com/boxscores/201002190MIN.html,http://www.basketball-reference.com/boxscores/201002190NJN.html,http://www.basketball-reference.com/boxscores/201002190NOH.html,http://www.basketball-reference.com/boxscores/201002190ORL.html,http://www.basketball-reference.com/boxscores/201002190PHI.html,http://www.basketball-reference.com/boxscores/201002190PHO.html,http://www.basketball-reference.com/boxscores/201002190POR.html,http://www.basketball-reference.com/boxscores/201002190WAS.html
4-25-2010,http://www.basketball-reference.com/boxscores/201004250CHI.html,http://www.basketball-reference.com/boxscores/201004250MIA.html,http://www.basketball-reference.com/boxscores/201004250SAS.html,http://www.basketball-reference.com/boxscores/201004250UTA.html
5-5-2010,http://www.basketball-reference.com/boxscores/201005050PHO.html
11-25-2009,http://www.basketball-reference.com/boxscores/200911250BOS.html,http://www.basketball-reference.com/boxscores/200911250CHA.html,http://www.basketball-reference.com/boxscores/200911250DET.html,http://www.basketball-reference.com/boxscores/200911250HOU.html,http://www.basketball-reference.com/boxscores/200911250IND.html,http://www.basketball-reference.com/boxscores/200911250MIN.html,http://www.basketball-reference.com/boxscores/200911250NOH.html,http://www.basketball-reference.com/boxscores/200911250ORL.html,http://www.basketball-reference.com/boxscores/200911250PHO.html,http://www.basketball-reference.com/boxscores/200911250POR.html,http://www.basketball-reference.com/boxscores/200911250SAC.html,http://www.basketball-reference.com/boxscores/200911250SAS.html
5-29-2010,http://www.basketball-reference.com/boxscores/201005290PHO.html
12-14-2009,http://www.basketball-reference.com/boxscores/200912140DAL.html,http://www.basketball-reference.com/boxscores/200912140DEN.html,http://www.basketball-reference.com/boxscores/200912140LAC.html,http://www.basketball-reference.com/boxscores/200912140MEM.html,http://www.basketball-reference.com/boxscores/200912140ORL.html,http://www.basketball-reference.com/boxscores/200912140PHI.html,http://www.basketball-reference.com/boxscores/200912140UTA.html
4-24-2010,http://www.basketball-reference.com/boxscores/201004240CHA.html,http://www.basketball-reference.com/boxscores/201004240MIL.html,http://www.basketball-reference.com/boxscores/201004240OKC.html,http://www.basketball-reference.com/boxscores/201004240POR.html
11-18-2009,http://www.basketball-reference.com/boxscores/200911180ATL.html,http://www.basketball-reference.com/boxscores/200911180BOS.html,http://www.basketball-reference.com/boxscores/200911180DAL.html,http://www.basketball-reference.com/boxscores/200911180IND.html,http://www.basketball-reference.com/boxscores/200911180MEM.html,http://www.basketball-reference.com/boxscores/200911180MIL.html,http://www.basketball-reference.com/boxscores/200911180MIN.html,http://www.basketball-reference.com/boxscores/200911180ORL.html,http://www.basketball-reference.com/boxscores/200911180PHI.html,http://www.basketball-reference.com/boxscores/200911180POR.html,http://www.basketball-reference.com/boxscores/200911180UTA.html,http://www.basketball-reference.com/boxscores/200911180WAS.html
11-27-2009,http://www.basketball-reference.com/boxscores/200911270BOS.html,http://www.basketball-reference.com/boxscores/200911270CHA.html,http://www.basketball-reference.com/boxscores/200911270DEN.html,http://www.basketball-reference.com/boxscores/200911270DET.html,http://www.basketball-reference.com/boxscores/200911270HOU.html,http://www.basketball-reference.com/boxscores/200911270IND.html,http://www.basketball-reference.com/boxscores/200911270MIA.html,http://www.basketball-reference.com/boxscores/200911270MIN.html,http://www.basketball-reference.com/boxscores/200911270OKC.html,http://www.basketball-reference.com/boxscores/200911270PHI.html,http://www.basketball-reference.com/boxscores/200911270POR.html,http://www.basketball-reference.com/boxscores/200911270SAC.html
2-5-2010,http://www.basketball-reference.com/boxscores/201002050ATL.html,http://www.basketball-reference.com/boxscores/201002050BOS.html,http://www.basketball-reference.com/boxscores/201002050DAL.html,http://www.basketball-reference.com/boxscores/201002050IND.html,http://www.basketball-reference.com/boxscores/201002050LAL.html,http://www.basketball-reference.com/boxscores/201002050MEM.html,http://www.basketball-reference.com/boxscores/201002050NOH.html,http://www.basketball-reference.com/boxscores/201002050NYK.html,http://www.basketball-reference.com/boxscores/201002050ORL.html,http://www.basketball-reference.com/boxscores/201002050SAC.html
5-11-2010,http://www.basketball-reference.com/boxscores/201005110CLE.html
3-24-2010,http://www.basketball-reference.com/boxscores/201003240ATL.html,http://www.basketball-reference.com/boxscores/201003240BOS.html,http://www.basketball-reference.com/boxscores/201003240CHA.html,http://www.basketball-reference.com/boxscores/201003240GSW.html,http://www.basketball-reference.com/boxscores/201003240IND.html,http://www.basketball-reference.com/boxscores/201003240MIL.html,http://www.basketball-reference.com/boxscores/201003240NJN.html,http://www.basketball-reference.com/boxscores/201003240NOH.html,http://www.basketball-reference.com/boxscores/201003240OKC.html,http://www.basketball-reference.com/boxscores/201003240SAS.html,http://www.basketball-reference.com/boxscores/201003240TOR.html
10-29-2009,http://www.basketball-reference.com/boxscores/200910290CHI.html,http://www.basketball-reference.com/boxscores/200910290POR.html
11-23-2009,http://www.basketball-reference.com/boxscores/200911230LAC.html,http://www.basketball-reference.com/boxscores/200911230MEM.html,http://www.basketball-reference.com/boxscores/200911230POR.html,http://www.basketball-reference.com/boxscores/200911230SAS.html
5-22-2010,http://www.basketball-reference.com/boxscores/201005220BOS.html
5-25-2010,http://www.basketball-reference.com/boxscores/201005250PHO.html
3-2-2010,http://www.basketball-reference.com/boxscores/201003020DET.html,http://www.basketball-reference.com/boxscores/201003020LAL.html,http://www.basketball-reference.com/boxscores/201003020MIA.html,http://www.basketball-reference.com/boxscores/201003020OKC.html
11-20-2009,http://www.basketball-reference.com/boxscores/200911200ATL.html,http://www.basketball-reference.com/boxscores/200911200BOS.html,http://www.basketball-reference.com/boxscores/200911200DAL.html,http://www.basketball-reference.com/boxscores/200911200GSW.html,http://www.basketball-reference.com/boxscores/200911200IND.html,http://www.basketball-reference.com/boxscores/200911200LAC.html,http://www.basketball-reference.com/boxscores/200911200MIL.html,http://www.basketball-reference.com/boxscores/200911200OKC.html,http://www.basketball-reference.com/boxscores/200911200PHI.html,http://www.basketball-reference.com/boxscores/200911200TOR.html
12-11-2009,http://www.basketball-reference.com/boxscores/200912110CHI.html,http://www.basketball-reference.com/boxscores/200912110CLE.html,http://www.basketball-reference.com/boxscores/200912110IND.html,http://www.basketball-reference.com/boxscores/200912110LAL.html,http://www.basketball-reference.com/boxscores/200912110MEM.html,http://www.basketball-reference.com/boxscores/200912110MIA.html,http://www.basketball-reference.com/boxscores/200912110NOH.html,http://www.basketball-reference.com/boxscores/200912110PHI.html,http://www.basketball-reference.com/boxscores/200912110PHO.html,http://www.basketball-reference.com/boxscores/200912110SAS.html,http://www.basketball-reference.com/boxscores/200912110TOR.html
2-3-2010,http://www.basketball-reference.com/boxscores/201002030ATL.html,http://www.basketball-reference.com/boxscores/201002030BOS.html,http://www.basketball-reference.com/boxscores/201002030DAL.html,http://www.basketball-reference.com/boxscores/201002030DEN.html,http://www.basketball-reference.com/boxscores/201002030LAL.html,http://www.basketball-reference.com/boxscores/201002030NOH.html,http://www.basketball-reference.com/boxscores/201002030NYK.html,http://www.basketball-reference.com/boxscores/201002030PHI.html,http://www.basketball-reference.com/boxscores/201002030SAC.html,http://www.basketball-reference.com/boxscores/201002030TOR.html,http://www.basketball-reference.com/boxscores/201002030UTA.html
5-17-2010,http://www.basketball-reference.com/boxscores/201005170LAL.html
1-24-2010,http://www.basketball-reference.com/boxscores/201001240NYK.html,http://www.basketball-reference.com/boxscores/201001240TOR.html,http://www.basketball-reference.com/boxscores/201001240WAS.html
5-2-2010,http://www.basketball-reference.com/boxscores/201005020ATL.html,http://www.basketball-reference.com/boxscores/201005020LAL.html
4-18-2010,http://www.basketball-reference.com/boxscores/201004180DAL.html,http://www.basketball-reference.com/boxscores/201004180LAL.html,http://www.basketball-reference.com/boxscores/201004180ORL.html,http://www.basketball-reference.com/boxscores/201004180PHO.html
11-7-2009,http://www.basketball-reference.com/boxscores/200911070ATL.html,http://www.basketball-reference.com/boxscores/200911070CHI.html,http://www.basketball-reference.com/boxscores/200911070DAL.html,http://www.basketball-reference.com/boxscores/200911070LAC.html,http://www.basketball-reference.com/boxscores/200911070MIL.html,http://www.basketball-reference.com/boxscores/200911070NJN.html,http://www.basketball-reference.com/boxscores/200911070UTA.html
2-20-2010,http://www.basketball-reference.com/boxscores/201002200CHI.html,http://www.basketball-reference.com/boxscores/201002200DAL.html,http://www.basketball-reference.com/boxscores/201002200HOU.html,http://www.basketball-reference.com/boxscores/201002200LAC.html,http://www.basketball-reference.com/boxscores/201002200MIL.html,http://www.basketball-reference.com/boxscores/201002200NYK.html,http://www.basketball-reference.com/boxscores/201002200TOR.html
4-28-2010,http://www.basketball-reference.com/boxscores/201004280ATL.html,http://www.basketball-reference.com/boxscores/201004280DEN.html
5-28-2010,http://www.basketball-reference.com/boxscores/201005280BOS.html
11-3-2009,http://www.basketball-reference.com/boxscores/200911030CHI.html,http://www.basketball-reference.com/boxscores/200911030CLE.html,http://www.basketball-reference.com/boxscores/200911030DAL.html,http://www.basketball-reference.com/boxscores/200911030DET.html,http://www.basketball-reference.com/boxscores/200911030IND.html,http://www.basketball-reference.com/boxscores/200911030MIA.html,http://www.basketball-reference.com/boxscores/200911030OKC.html,http://www.basketball-reference.com/boxscores/200911030PHI.html,http://www.basketball-reference.com/boxscores/200911030POR.html
5-9-2010,http://www.basketball-reference.com/boxscores/201005090BOS.html,http://www.basketball-reference.com/boxscores/201005090SAS.html
11-21-2009,http://www.basketball-reference.com/boxscores/200911210CLE.html,http://www.basketball-reference.com/boxscores/200911210DEN.html,http://www.basketball-reference.com/boxscores/200911210HOU.html,http://www.basketball-reference.com/boxscores/200911210MEM.html,http://www.basketball-reference.com/boxscores/200911210NJN.html,http://www.basketball-reference.com/boxscores/200911210NOH.html,http://www.basketball-reference.com/boxscores/200911210POR.html,http://www.basketball-reference.com/boxscores/200911210SAS.html,http://www.basketball-reference.com/boxscores/200911210UTA.html
4-29-2010,http://www.basketball-reference.com/boxscores/201004290POR.html,http://www.basketball-reference.com/boxscores/201004290SAS.html
1-9-2010,http://www.basketball-reference.com/boxscores/201001090CHA.html,http://www.basketball-reference.com/boxscores/201001090CHI.html,http://www.basketball-reference.com/boxscores/201001090DAL.html,http://www.basketball-reference.com/boxscores/201001090DET.html,http://www.basketball-reference.com/boxscores/201001090HOU.html,http://www.basketball-reference.com/boxscores/201001090OKC.html,http://www.basketball-reference.com/boxscores/201001090ORL.html,http://www.basketball-reference.com/boxscores/201001090SAC.html
2-6-2010,http://www.basketball-reference.com/boxscores/201002060CHA.html,http://www.basketball-reference.com/boxscores/201002060CHI.html,http://www.basketball-reference.com/boxscores/201002060CLE.html,http://www.basketball-reference.com/boxscores/201002060DET.html,http://www.basketball-reference.com/boxscores/201002060GSW.html,http://www.basketball-reference.com/boxscores/201002060HOU.html,http://www.basketball-reference.com/boxscores/201002060LAC.html,http://www.basketball-reference.com/boxscores/201002060MIL.html,http://www.basketball-reference.com/boxscores/201002060MIN.html,http://www.basketball-reference.com/boxscores/201002060POR.html,http://www.basketball-reference.com/boxscores/201002060UTA.html
3-31-2010,http://www.basketball-reference.com/boxscores/201003310ATL.html,http://www.basketball-reference.com/boxscores/201003310BOS.html,http://www.basketball-reference.com/boxscores/201003310CHA.html,http://www.basketball-reference.com/boxscores/201003310CLE.html,http://www.basketball-reference.com/boxscores/201003310DET.html,http://www.basketball-reference.com/boxscores/201003310MEM.html,http://www.basketball-reference.com/boxscores/201003310MIN.html,http://www.basketball-reference.com/boxscores/201003310NJN.html,http://www.basketball-reference.com/boxscores/201003310NOH.html,http://www.basketball-reference.com/boxscores/201003310POR.html,http://www.basketball-reference.com/boxscores/201003310SAS.html,http://www.basketball-reference.com/boxscores/201003310TOR.html,http://www.basketball-reference.com/boxscores/201003310UTA.html
3-11-2010,http://www.basketball-reference.com/boxscores/201003110GSW.html,http://www.basketball-reference.com/boxscores/201003110ORL.html,http://www.basketball-reference.com/boxscores/201003110WAS.html
3-13-2010,http://www.basketball-reference.com/boxscores/201003130ATL.html,http://www.basketball-reference.com/boxscores/201003130DAL.html,http://www.basketball-reference.com/boxscores/201003130GSW.html,http://www.basketball-reference.com/boxscores/201003130HOU.html,http://www.basketball-reference.com/boxscores/201003130MEM.html,http://www.basketball-reference.com/boxscores/201003130SAS.html,http://www.basketball-reference.com/boxscores/201003130WAS.html
12-7-2009,http://www.basketball-reference.com/boxscores/200912070NYK.html,http://www.basketball-reference.com/boxscores/200912070OKC.html,http://www.basketball-reference.com/boxscores/200912070PHI.html,http://www.basketball-reference.com/boxscores/200912070UTA.html
3-10-2010,http://www.basketball-reference.com/boxscores/201003100BOS.html,http://www.basketball-reference.com/boxscores/201003100DAL.html,http://www.basketball-reference.com/boxscores/201003100DET.html,http://www.basketball-reference.com/boxscores/201003100MIA.html,http://www.basketball-reference.com/boxscores/201003100MIN.html,http://www.basketball-reference.com/boxscores/201003100OKC.html,http://www.basketball-reference.com/boxscores/201003100PHI.html,http://www.basketball-reference.com/boxscores/201003100SAC.html,http://www.basketball-reference.com/boxscores/201003100SAS.html
12-22-2009,http://www.basketball-reference.com/boxscores/200912220BOS.html,http://www.basketball-reference.com/boxscores/200912220CHA.html,http://www.basketball-reference.com/boxscores/200912220DAL.html,http://www.basketball-reference.com/boxscores/200912220HOU.html,http://www.basketball-reference.com/boxscores/200912220LAL.html,http://www.basketball-reference.com/boxscores/200912220MEM.html,http://www.basketball-reference.com/boxscores/200912220MIN.html,http://www.basketball-reference.com/boxscores/200912220NYK.html,http://www.basketball-reference.com/boxscores/200912220WAS.html
4-3-2010,http://www.basketball-reference.com/boxscores/201004030ATL.html,http://www.basketball-reference.com/boxscores/201004030CHI.html,http://www.basketball-reference.com/boxscores/201004030DAL.html,http://www.basketball-reference.com/boxscores/201004030DEN.html,http://www.basketball-reference.com/boxscores/201004030MIL.html,http://www.basketball-reference.com/boxscores/201004030MIN.html,http://www.basketball-reference.com/boxscores/201004030NJN.html,http://www.basketball-reference.com/boxscores/201004030PHI.html,http://www.basketball-reference.com/boxscores/201004030SAC.html
1-28-2010,http://www.basketball-reference.com/boxscores/201001280NYK.html,http://www.basketball-reference.com/boxscores/201001280ORL.html,http://www.basketball-reference.com/boxscores/201001280PHO.html
1-14-2010,http://www.basketball-reference.com/boxscores/201001140BOS.html,http://www.basketball-reference.com/boxscores/201001140UTA.html
3-15-2010,http://www.basketball-reference.com/boxscores/201003150BOS.html,http://www.basketball-reference.com/boxscores/201003150GSW.html,http://www.basketball-reference.com/boxscores/201003150HOU.html,http://www.basketball-reference.com/boxscores/201003150LAC.html,http://www.basketball-reference.com/boxscores/201003150PHI.html,http://www.basketball-reference.com/boxscores/201003150UTA.html
12-15-2009,http://www.basketball-reference.com/boxscores/200912150CHA.html,http://www.basketball-reference.com/boxscores/200912150CHI.html,http://www.basketball-reference.com/boxscores/200912150CLE.html,http://www.basketball-reference.com/boxscores/200912150HOU.html,http://www.basketball-reference.com/boxscores/200912150MIA.html,http://www.basketball-reference.com/boxscores/200912150PHO.html,http://www.basketball-reference.com/boxscores/200912150POR.html
5-1-2010,http://www.basketball-reference.com/boxscores/201005010CLE.html
3-23-2010,http://www.basketball-reference.com/boxscores/201003230DAL.html,http://www.basketball-reference.com/boxscores/201003230DET.html,http://www.basketball-reference.com/boxscores/201003230NYK.html,http://www.basketball-reference.com/boxscores/201003230WAS.html
5-3-2010,http://www.basketball-reference.com/boxscores/201005030CLE.html,http://www.basketball-reference.com/boxscores/201005030PHO.html
6-6-2010,http://www.basketball-reference.com/boxscores/201006060LAL.html
5-24-2010,http://www.basketball-reference.com/boxscores/201005240BOS.html
4-17-2010,http://www.basketball-reference.com/boxscores/201004170ATL.html,http://www.basketball-reference.com/boxscores/201004170BOS.html,http://www.basketball-reference.com/boxscores/201004170CLE.html,http://www.basketball-reference.com/boxscores/201004170DEN.html
11-10-2009,http://www.basketball-reference.com/boxscores/200911100CHA.html,http://www.basketball-reference.com/boxscores/200911100CHI.html,http://www.basketball-reference.com/boxscores/200911100DAL.html,http://www.basketball-reference.com/boxscores/200911100MEM.html,http://www.basketball-reference.com/boxscores/200911100MIA.html,http://www.basketball-reference.com/boxscores/200911100SAC.html
1-6-2010,http://www.basketball-reference.com/boxscores/201001060ATL.html,http://www.basketball-reference.com/boxscores/201001060CLE.html,http://www.basketball-reference.com/boxscores/201001060LAC.html,http://www.basketball-reference.com/boxscores/201001060MIA.html,http://www.basketball-reference.com/boxscores/201001060MIN.html,http://www.basketball-reference.com/boxscores/201001060OKC.html,http://www.basketball-reference.com/boxscores/201001060ORL.html,http://www.basketball-reference.com/boxscores/201001060PHO.html,http://www.basketball-reference.com/boxscores/201001060SAS.html,http://www.basketball-reference.com/boxscores/201001060UTA.html
11-22-2009,http://www.basketball-reference.com/boxscores/200911220CHA.html,http://www.basketball-reference.com/boxscores/200911220LAL.html,http://www.basketball-reference.com/boxscores/200911220MIA.html,http://www.basketball-reference.com/boxscores/200911220NYK.html,http://www.basketball-reference.com/boxscores/200911220PHO.html,http://www.basketball-reference.com/boxscores/200911220TOR.html
1-1-2010,http://www.basketball-reference.com/boxscores/201001010ATL.html,http://www.basketball-reference.com/boxscores/201001010LAL.html,http://www.basketball-reference.com/boxscores/201001010MIN.html
2-24-2010,http://www.basketball-reference.com/boxscores/201002240ATL.html,http://www.basketball-reference.com/boxscores/201002240CHI.html,http://www.basketball-reference.com/boxscores/201002240DAL.html,http://www.basketball-reference.com/boxscores/201002240HOU.html,http://www.basketball-reference.com/boxscores/201002240LAC.html,http://www.basketball-reference.com/boxscores/201002240MIL.html,http://www.basketball-reference.com/boxscores/201002240PHO.html,http://www.basketball-reference.com/boxscores/201002240SAS.html,http://www.basketball-reference.com/boxscores/201002240TOR.html,http://www.basketball-reference.com/boxscores/201002240UTA.html,http://www.basketball-reference.com/boxscores/201002240WAS.html
2-18-2010,http://www.basketball-reference.com/boxscores/201002180CLE.html,http://www.basketball-reference.com/boxscores/201002180LAL.html
4-21-2010,http://www.basketball-reference.com/boxscores/201004210DAL.html,http://www.basketball-reference.com/boxscores/201004210ORL.html
1-18-2010,http://www.basketball-reference.com/boxscores/201001180ATL.html,http://www.basketball-reference.com/boxscores/201001180BOS.html,http://www.basketball-reference.com/boxscores/201001180CHA.html,http://www.basketball-reference.com/boxscores/201001180GSW.html,http://www.basketball-reference.com/boxscores/201001180HOU.html,http://www.basketball-reference.com/boxscores/201001180LAC.html,http://www.basketball-reference.com/boxscores/201001180LAL.html,http://www.basketball-reference.com/boxscores/201001180MEM.html,http://www.basketball-reference.com/boxscores/201001180MIN.html,http://www.basketball-reference.com/boxscores/201001180NOH.html,http://www.basketball-reference.com/boxscores/201001180NYK.html,http://www.basketball-reference.com/boxscores/201001180WAS.html
2-16-2010,http://www.basketball-reference.com/boxscores/201002160CHA.html,http://www.basketball-reference.com/boxscores/201002160CHI.html,http://www.basketball-reference.com/boxscores/201002160DET.html,http://www.basketball-reference.com/boxscores/201002160HOU.html,http://www.basketball-reference.com/boxscores/201002160LAL.html,http://www.basketball-reference.com/boxscores/201002160MEM.html,http://www.basketball-reference.com/boxscores/201002160OKC.html,http://www.basketball-reference.com/boxscores/201002160PHI.html,http://www.basketball-reference.com/boxscores/201002160POR.html,http://www.basketball-reference.com/boxscores/201002160SAC.html
12-20-2009,http://www.basketball-reference.com/boxscores/200912200BOS.html,http://www.basketball-reference.com/boxscores/200912200DAL.html,http://www.basketball-reference.com/boxscores/200912200DET.html,http://www.basketball-reference.com/boxscores/200912200MEM.html,http://www.basketball-reference.com/boxscores/200912200MIA.html,http://www.basketball-reference.com/boxscores/200912200NYK.html,http://www.basketball-reference.com/boxscores/200912200TOR.html
5-8-2010,http://www.basketball-reference.com/boxscores/201005080ATL.html,http://www.basketball-reference.com/boxscores/201005080UTA.html
11-8-2009,http://www.basketball-reference.com/boxscores/200911080DET.html,http://www.basketball-reference.com/boxscores/200911080LAL.html,http://www.basketball-reference.com/boxscores/200911080OKC.html,http://www.basketball-reference.com/boxscores/200911080POR.html,http://www.basketball-reference.com/boxscores/200911080SAC.html,http://www.basketball-reference.com/boxscores/200911080WAS.html
1-26-2010,http://www.basketball-reference.com/boxscores/201001260DAL.html,http://www.basketball-reference.com/boxscores/201001260NYK.html,http://www.basketball-reference.com/boxscores/201001260PHO.html,http://www.basketball-reference.com/boxscores/201001260SAC.html,http://www.basketball-reference.com/boxscores/201001260WAS.html
3-14-2010,http://www.basketball-reference.com/boxscores/201003140CLE.html,http://www.basketball-reference.com/boxscores/201003140MIA.html,http://www.basketball-reference.com/boxscores/201003140MIL.html,http://www.basketball-reference.com/boxscores/201003140OKC.html,http://www.basketball-reference.com/boxscores/201003140ORL.html,http://www.basketball-reference.com/boxscores/201003140PHO.html,http://www.basketball-reference.com/boxscores/201003140POR.html,http://www.basketball-reference.com/boxscores/201003140SAC.html
12-23-2009,http://www.basketball-reference.com/boxscores/200912230DEN.html,http://www.basketball-reference.com/boxscores/200912230DET.html,http://www.basketball-reference.com/boxscores/200912230MIA.html,http://www.basketball-reference.com/boxscores/200912230MIL.html,http://www.basketball-reference.com/boxscores/200912230NJN.html,http://www.basketball-reference.com/boxscores/200912230NOH.html,http://www.basketball-reference.com/boxscores/200912230ORL.html,http://www.basketball-reference.com/boxscores/200912230PHO.html,http://www.basketball-reference.com/boxscores/200912230SAC.html,http://www.basketball-reference.com/boxscores/200912230SAS.html
2-17-2010,http://www.basketball-reference.com/boxscores/201002170DAL.html,http://www.basketball-reference.com/boxscores/201002170GSW.html,http://www.basketball-reference.com/boxscores/201002170IND.html,http://www.basketball-reference.com/boxscores/201002170LAC.html,http://www.basketball-reference.com/boxscores/201002170MIL.html,http://www.basketball-reference.com/boxscores/201002170NJN.html,http://www.basketball-reference.com/boxscores/201002170NOH.html,http://www.basketball-reference.com/boxscores/201002170NYK.html,http://www.basketball-reference.com/boxscores/201002170ORL.html,http://www.basketball-reference.com/boxscores/201002170TOR.html,http://www.basketball-reference.com/boxscores/201002170WAS.html
2-23-2010,http://www.basketball-reference.com/boxscores/201002230BOS.html,http://www.basketball-reference.com/boxscores/201002230CLE.html,http://www.basketball-reference.com/boxscores/201002230GSW.html,http://www.basketball-reference.com/boxscores/201002230MEM.html,http://www.basketball-reference.com/boxscores/201002230MIA.html,http://www.basketball-reference.com/boxscores/201002230NJN.html,http://www.basketball-reference.com/boxscores/201002230OKC.html,http://www.basketball-reference.com/boxscores/201002230SAC.html
4-7-2010,http://www.basketball-reference.com/boxscores/201004070DAL.html,http://www.basketball-reference.com/boxscores/201004070DET.html,http://www.basketball-reference.com/boxscores/201004070HOU.html,http://www.basketball-reference.com/boxscores/201004070IND.html,http://www.basketball-reference.com/boxscores/201004070LAC.html,http://www.basketball-reference.com/boxscores/201004070MIA.html,http://www.basketball-reference.com/boxscores/201004070MIL.html,http://www.basketball-reference.com/boxscores/201004070MIN.html,http://www.basketball-reference.com/boxscores/201004070NOH.html,http://www.basketball-reference.com/boxscores/201004070OKC.html,http://www.basketball-reference.com/boxscores/201004070ORL.html,http://www.basketball-reference.com/boxscores/201004070PHO.html,http://www.basketball-reference.com/boxscores/201004070TOR.html
12-1-2009,http://www.basketball-reference.com/boxscores/200912010CHA.html,http://www.basketball-reference.com/boxscores/200912010DEN.html,http://www.basketball-reference.com/boxscores/200912010LAL.html,http://www.basketball-reference.com/boxscores/200912010NYK.html,http://www.basketball-reference.com/boxscores/200912010POR.html,http://www.basketball-reference.com/boxscores/200912010TOR.html
6-15-2010,http://www.basketball-reference.com/boxscores/201006150LAL.html
6-8-2010,http://www.basketball-reference.com/boxscores/201006080BOS.html
4-10-2010,http://www.basketball-reference.com/boxscores/201004100CHA.html,http://www.basketball-reference.com/boxscores/201004100DEN.html,http://www.basketball-reference.com/boxscores/201004100IND.html,http://www.basketball-reference.com/boxscores/201004100LAC.html,http://www.basketball-reference.com/boxscores/201004100MEM.html,http://www.basketball-reference.com/boxscores/201004100MIL.html,http://www.basketball-reference.com/boxscores/201004100SAC.html,http://www.basketball-reference.com/boxscores/201004100WAS.html
1-7-2010,http://www.basketball-reference.com/boxscores/201001070NYK.html
