URL,NAME,MOTTO,CITY,CATEGORY,LOGO_LINK,COMPANY_WEBSITE,OTHER_DATA
http://www.swedishlifesciences.se/a-science-ab,A+ Science AB,To Earn Trust - Make Difference,Stockholm,CROs,http://www.swedishlifesciences.se/sites/default/files/styles/logo_table_index/public/company_profiles/722/logo/188_logo_high.jpg?itok=e3dsUxdR,,"(u'CEO', u'Anna Fr\xf6ling')","A+ Science is a Contract Research Organization (CRO) with long experience of services in clinical trials for pharmaceuticals (Phase I-IV), medical devices as well as non-interventional and registry trials. 

Our core expertise is in the Nordic countries, however through our close collaboration with other CROs, we are also able to cover many other countries. Our services include Clinical Trial Management, Pharmacovigilance (Pre-and Post-Marketing), Outsourcing of Consultants (short and long term solutions), City Site (Site Management Organization), Continuing Medical Education, Regulatory Services and many others. 

Since December 2013, A+ Science is a CRO run by its employees.",08-564 882 30,http://www.a-plusscience.com,tania.persson@a-plusscience.com,https://www.facebook.com/#!/groups/222121887912067/,"Luntmakargatan 22
11137 Stockholm","(u'Category', u'Contract Research Organisations')","(u'Founded', u'1997')","(u'Public company', u'Yes')","(u'Revenue', u'26 MSEK in Sweden')","(u'Number of employees', u'25')","(u'Chairman', u'H\xe5kan Gartell')","(u' city_site_presentation_2014.pdf', u'http://www.swedishlifesciences.se/sites/default/files/city_site_presentation_2014.pdf')","(u' company_presentation_ascience_2015.pdf', u'http://www.swedishlifesciences.se/sites/default/files/company_presentation_ascience_2015.pdf')"
http://www.swedishlifesciences.se/ab-carlsson-och-moller,AB Carlsson och Möller,,Helsingborg,Medtech,http://www.swedishlifesciences.se/sites/default/files/styles/logo_table_index/public/company_profiles/1197/logo/c_m_logo.jpg?itok=SAjlenM3,,"(u'CEO', u'Michael Andersson')","Carlsson & Möller, founded in 1948, is one of the leading companies in engineering plastics. The business comprises three main areas: Wholesaling, Mechanical processing of components and Materials and Application expertise.

C & M MedTech is a department within the company focused on engineering plastics for medical applications. 
C & M MedTech has extensive experience in engineering plastics in medical and biotechnical applications and offers specialist technical support and advisory services - from concept development and material selection, to prototyping and serial production.

Carlsson & Möller is part of Indutrade AB - a group with 170 companies in 25 countries and 4000 employees.",042-253800,http://www.c-m.se/,"Garnisonsgatan 45
25023 Helsingborg","(u'Category', u'Medtech')","(u'Founded', u'1948')","(u'Public company', u'No')","(u'Revenue', u'90 MSEK in Sweden')","(u'Number of employees', u'61')","(u'Chairman', u'G\xf6te Mattson')","(u'Principal owners', u'Indutrade AB')","(u' folder_cm_medtech.pdf', u'http://www.swedishlifesciences.se/sites/default/files/folder_cm_medtech_0.pdf')"
http://www.swedishlifesciences.se/abigo-medical-ab,Abigo Medical AB,Fast-growing Swedish pharmaceutical company,Askim,Pharma,http://www.swedishlifesciences.se/sites/default/files/styles/logo_table_index/public/company_profiles/604/logo/abigojpg.jpg?itok=16dabGe4,,"(u'CEO', u'Jan G. Smith')","ABIGO Medical AB is a globally expanding, integrated pharmaceutical company fully owned by the two brothers Jan. G and Leif Smith. A focus area and a research priority for ABIGO is infection control. In addition to the pharmaceutical products, ABIGO Medical has an advanced wound care product line. The Sorbact®-method is a unique Swedish invention for the effective management of wounds and dermal fungal infections. The Sorbact® wound management product line offers effective wound healing, including the prevention and management of infections. In addition, no known side effects or risk of microorganism resistance development has ever been demonstrated, a truly unique combination. Sorbact® is successfully sold in 65 countries.",031-7484950,http://www.abigo.com,Jan.g.smith@abigo.se,"Ekonomivägen 5
43633 Askim","(u'Category', u'Pharma')","(u'Founded', u'1989')","(u'Public company', u'No')","(u'Number of employees', u'115')","(u'Chairman', u'Jan G. Smith')","(u'Principal owners', u'Jan G. Smith, Leif Smith')"
http://www.swedishlifesciences.se/acreo-swedish-ict-ab,Acreo Swedish ICT AB,Innovation for Sustainable Growth,Kista,Biotech,http://www.swedishlifesciences.se/sites/default/files/styles/logo_table_index/public/company_profiles/606/logo/ict_acreo_logo_web.jpg?itok=wcfbo0Qw,,"(u'Business Unit Director', u'Sara Bogren')","Acreo Swedish ICT offers a Multi-disciplinary Innovation environment to take Life Science research concepts to manufacturable prototypes. Our Life Science focus is upon diagnostics and detection, research tools and eHealth-solutions. As your R&D-partner - we can assist in any stage of bringing new ideas to the market. We have the technology competence, we have the laboratories and test environments, we know prototyping, licensing and patents. And we have strong national and international networks – academic as well as business network. Acreo is part of Swedish ICT and RISE.",+46 (0)10 522 00 30,http://www.acreo.se,info@acreo.se,https://www.facebook.com/acreoswedishict,https://twitter.com/AcreoSwedishICT,"Box 1070
Isafjordsgatan 22
164 25 Kista","(u'Category', u'Biotech')","(u'Looking for capital', u'Yes')","(u'Founded', u'1999')","(u'Public company', u'Yes')","(u'Revenue', u'187 MSEK in Sweden')","(u'Number of employees', u'137')","(u'Chairman', u'Hans Hentzell')","(u'Principal owners', u'Swedish ICT Research AB')"
http://www.swedishlifesciences.se/active-biotech-ab,Active Biotech AB,Development of pharmaceuticals,Lund,Biotech,http://www.swedishlifesciences.se/sites/default/files/styles/logo_table_index/public/company_profiles/607/logo/active_biotech_ab-logo_low.jpg?itok=bPTEyPp2,,"(u'CEO', u'Tomas Leanderson')","Active Biotech AB (publ) (Nasdaq Stockholm: ACTI) is a biotechnology company with focus on neurodegenerative diseases and cancer. Projects in pivotal phase are laquinimod, an orally administered small molecule with unique immunomodulatory properties for the treatment of multiple sclerosis, and tasquinimod, an oral immunomodulatory, anti-metastatic substance for the treatment of prostate cancer. The objective of the preclinical ISI project is to produce new, patentable chemical compounds for treatment of diseases in the company’s focus areas. Please visit www.activebiotech.com for more information.",046-192000,http://www.activebiotech.com,cecilia.hofvander@activebiotech.com,"P.O. Box 724
Scheelevägen 22
22007 Lund","(u'Category', u'Biotech')","(u'Founded', u'1997')","(u'Public company', u'Yes')","(u'Revenue', u'10.4 MSEK in Sweden')","(u'Number of employees', u'56')","(u'Chairman', u'Mats Arnh\xf6g')","(u'Principal owners', u'MGA Holding AB, Nordstjernan AB, Investor')"
http://www.swedishlifesciences.se/adlego-biomedical-ab,Adlego Biomedical AB,A small enterprice with large capacities,Uppsala,CROs,http://www.swedishlifesciences.se/sites/default/files/styles/logo_table_index/public/company_profiles/1191/logo/4621_logo_high.jpg?itok=4H0crcX7,,"(u'CEO', u'Urban H\xf6glund')",We are a team of professionals with long time experience of in-vivo pharmacology and toxicology. We assist pharmaceutical companies in their endeavours to find cures for diseases for which there are no effective treatments today and those who are working to improve the effectiveness of discovered drugs. Although we perform the standard studies needed to document the effect of new drug candidates we are always intersted in adding new effect models to our portfolio. In the development of effect models our extensive experience in pharmacology and physiology is fully utilized.,073-3421737,http://www.adlego.se,urban.hoglund@adlego.se,"Box 42
75103 Uppsala","(u'Category', u'Contract Research Organisations')","(u'Founded', u'2005')","(u'Public company', u'No')","(u'Principal owners', u'Urban H\xf6glund')"
http://www.swedishlifesciences.se/advokatfirman-glimstedt,Advokatfirman Glimstedt,Legal service for Life Science companies,Lund,Intellectual Property,http://www.swedishlifesciences.se/sites/default/files/styles/logo_table_index/public/company_profiles/1205/logo/logo_rgb_ny.jpg?itok=_ZSedlDM,,"(u'Business Unit Director', u'Jens Kinnander')","Glimstedt is a full-service law firm with a unique geographic spread. In all, we have a staff of 260 at our offices in Sweden, Estonia, Latvia, Lithuania and Belarus. Around 200 of us are lawyers. Within Life Sciences, we advise and assist in drafting and negotiating agreements regarding e.g. license agreements, research and development agreements, manufacturing and supply agreements, agreements regarding clinical studies and other agreements for the day-to-day business, as well as acquiring and divesting business lines. Glimstedt assists start-ups as well as established companies within the fields of biotechnology, medical technology and the food industry.",046-12 40 30,http://www.glimstedt.se,jens.kinnander@glimstedt.se,"Box 1246
Byggmästaregatan 5
221 05 Lund","(u'Category', u'Intellectual Property')","(u'Founded', u'1923')","(u'Public company', u'No')","(u'Number of employees', u'260')","(u'Chairman', u'Bo Ahlenius')"
http://www.swedishlifesciences.se/alteco-medical-ab,Alteco Medical AB,Sepsis (livshotande blodförgiftning),Lund,Medtech,http://www.swedishlifesciences.se/sites/default/files/styles/logo_table_index/public/company_profiles/1282/logo/alteco_medical_logo_rgb.png?itok=RgJugZ9V,,"(u'CEO', u'Jonas J\xf6nmark')","Sepsis är en av de vanligaste dödsorsakerna inom den moderna intensivvården. Antalet patienter med sepsis har ökat med omkring 100 procent det senaste årtiondet. Vidare är sepsis den främsta dödsorsaken i samband med allvarliga infektioner, trots stora medicinska framsteg inom vaccinationer, antibiotika och avancerad intensivvård. Fler människor avlider årligen av sepsis än av HIV, lung-, bröst- och prostatacancer tillsammans och det finns ett mycket stort behov inom intensivvården av nya behandlingsmetoder för att förbättra överlevnaden bland patienter med sepsis. Alteco säljer den patenterade CE-märkta Alteco® LPS Adsorber som används till att behandla sepsis.",http://www.altecomedical.com,info@altecomedical.com,"Höstbruksvägen 8
22660 Lund","(u'Category', u'Medtech')","(u'Public company', u'Yes')","(u'Number of employees', u'7')","(u'Chairman', u'Hans Petersson')","(u'Principal owners', u'Anders Althin')"
http://www.swedishlifesciences.se/anamar-ab,AnaMar AB,With focus on inflammation and fibrosis,Göteborg,Biotech,http://www.swedishlifesciences.se/sites/default/files/styles/logo_table_index/public/company_profiles/622/logo/logo-anamar-400.jpg?itok=b03zaaiA,,"(u'CEO', u'Owe G\xe5rlin')",AnaMar is a  biopharmaceutical company deploying a selective peripheral serotonin (5-hydroxytryptamine or 5-HT) receptor platform to build a pipeline of clinical-stage drug development candidates targeting severe inflammatory and fibrotic diseases associated with high levels of morbidity and mortality. We address huge unmet medical needs as well as great market potentials. AnaMar has a unique technological platform with several drug candidates in development. We are a competent and dependable potential partner with sustainable financial backing. The Company is actively seeking and currently evaluating potential partnerships to help leverage and maximize its platform and accelerate development and commercialization of its pipeline.,031-7324140,http://www.anamar.com,info@anamar.com,"Kungsportsavenyn 22
41136 Göteborg","(u'Category', u'Biotech')","(u'Founded', u'1998')","(u'Public company', u'No')","(u'Revenue', u'1 MSEK Worldwide')","(u'Number of employees', u'14')","(u'Chairman', u'Staffan Encrantz')","(u'Principal owners', u'Koncentra Holding AB')"
http://www.swedishlifesciences.se/apl-apotek-produktion-laboratorier-ab,APL - Apotek Produktion & Laboratorier AB,Development and manufacturing services,"Kungens Kurva, Stockholm",CMOs,http://www.swedishlifesciences.se/sites/default/files/styles/logo_table_index/public/company_profiles/882/logo/514_logo_high.png?itok=JUnhERQp,,"(u'CEO', u'Eva Sj\xf6kvist Saers')","APL offers laboratory, development and manufacturing services from single testing of active compounds to commercial manufacturing. With APL as a partner you receive a seamless process from early clinical phases through scale-up to full scale manufacturing. With a custom oriented approach and a transparent workflow we service all type of companies, from the small start-up to the global big pharma. We work with all common dosage forms and meet the quality requirements for global markets. Our expertise is based on more than 30 years experience in manufacturing pharmaceutical.",010-447 96 00,http://www.apl.se,Eva.SjokvistSaers@apl.se,"Box 5071
Prismavägen 2
14175 Kungens Kurva, Stockholm","(u'Category', u'Contract Manufacturing Organisations')","(u'Founded', u'1971')","(u'Public company', u'No')","(u'Revenue', u'1 200 MSEK Worldwide')","(u'Number of employees', u'550')","(u'Chairman', u'Johan Assarsson')","(u'Principal owners', u'Swedish Government')","(u' Business Area Life science booklet', u'http://www.swedishlifesciences.se/sites/default/files/apl_life_science_booklet.pdf')","(u' Annual Report 2014', u'http://www.swedishlifesciences.se/sites/default/files/apl_annual_report_2014.pdf')"
http://www.swedishlifesciences.se/assuransselector-ab,AssuransSelector AB,Insurance Services,Helsingborg,Service,http://www.swedishlifesciences.se/sites/default/files/styles/logo_table_index/public/company_profiles/833/logo/assuransselector_ab-logo_low.jpg?itok=W0nn8K26,,"(u'CEO', u'Sigvard \xc5kerman')","AssuransSelector AB offers tailored, cost-effective insurance cover for the Life Science industry, such as:-Product Liability Insurance-Recall Insurance-Clinical Trials Insurance-Intellectual Property Rights Insurance-Directors & Officers Liability InsuranceWhether our client is in an early stage of development or is already a large manufacturer, we understand the risks and provide help in protecting the company against them.",042-120760,http://www.assuransselector.se,lifescience@assuransselector.se,"Drottninggatan 11
25221 Helsingborg","(u'Category', u'Service')","(u'Founded', u'1987')","(u'Public company', u'No')","(u'Revenue', u'7 MSEK in Sweden')","(u'Number of employees', u'4')","(u'Chairman', u'Mats Johnsson')","(u'Principal owners', u'AssuransSelector Holding AB')"
http://www.swedishlifesciences.se/astrazeneca-ab,AstraZeneca AB,World leading in healthcare,Södertälje,Pharma,http://www.swedishlifesciences.se/sites/default/files/styles/logo_table_index/public/company_profiles/629/logo/az_cmyk_h_col.jpg?itok=I3t4qj8m,,"(u'CEO', u'Pascal Soriot')","AstraZeneca är ett globalt, innovativt bioläkemedelsföretag med fokus på forskning, utveckling och marknadsföring av receptbelagda läkemedel, primärt för behandling av sjukdomar inom områdena hjärta/kärl/metabolism, andningsvägar/inflammation/autoimmunitet, cancer, infektion och neurovetenskap. AstraZeneca är verksamt i över 100 länder och våra innovativa läkemedel används av miljontals patienter världen över.",08-55326000,http://www.astrazeneca.se,kontakt@astrazeneca.com,https://twitter.com/AstraZenecaSE,"Astraallén
15185 Södertälje","(u'Category', u'Pharma')","(u'Founded', u'1999')","(u'Public company', u'Yes')","(u'Revenue', u'26 095 MUSD Worldwide')","(u'Number of employees', u'57 500')","(u'Chairman', u'Leif Johansson')","(u'Principal owners', u'BlackRock. Inc, Invesco Limited, Axa SA, Investor AB')"
http://www.swedishlifesciences.se/belach-bioteknik-ab,Belach Bioteknik AB,Customized bioprocess systems since 1985,Skogås,Suppliers (Manufactures),http://www.swedishlifesciences.se/sites/default/files/styles/logo_table_index/public/company_profiles/636/logo/51_logo_high.jpg?itok=jjI3HBx_,,"(u'CEO', u'Gy\xf6rgy Rajkai')","Belach is a company with 30 years experience in the field of bioprocess technology. Founding members established Belach Bioteknik AB in 1985 with the intention to supply the market with high quality fermentation equipment. Since then we have designed and manufactured qualified computer controlled bioreactor systems for cell and microbial cultivations used in research and production in most Swedish biopharmaceutical companies and research institutes. Over the years, Belach Bioteknik AB has become acknowledged on the Scandinavian biotech market for flexible services and long term customer care. Belach offers customized and scalable bioreactors ranging 1L - 5000L with state-of-the-art computer control and latest process analytical technology.",08-4709250,http://www.belach.se,info@belach.se,"Dumpervägen 8
14250 Skogås","(u'Category', u'Suppliers (Manufactures)')","(u'Looking for capital', u'Yes')","(u'Founded', u'1985')","(u'Public company', u'No')","(u'Revenue', u'11 MSEK in Nordic countries')","(u'Number of employees', u'5')","(u'Chairman', u'Lars M\xf6rtsell')","(u'Principal owners', u'Lars M\xf6rtsell, Gy\xf6rgy Rajkai')"
http://www.swedishlifesciences.se/biognos-ab,Biognos AB,Virtual Screening - Drug Discovery,Göteborg,Biotech,http://www.swedishlifesciences.se/sites/default/files/styles/logo_table_index/public/company_profiles/849/logo/biognos_ab-logo_high.jpg?itok=EHZ35hBv,,"(u'Business Unit Director', u'Per-Georg Nyholm')",Biognos provides services in computational drug design especially virtual screening (in silico-screening) and lead optimization. Using our software and our computer cluster we can quickly identify potential lead compounds in large libraries of small molecules. Our ligand-based screening allows scoffold hopping and in many cases circumvention of patents. We offer our expertise mainly to  pharmaceutical companies. We have a special competence in the design of glycomimetic compounds. Biognos also provides services for academic groups.,031-656240,http://www.biognos.com,info@biognos.se,"Box 8963
Generatorsgatan 1
40274 Göteborg","(u'Category', u'Biotech')","(u'Founded', u'2003')","(u'Public company', u'No')","(u'Number of employees', u'3')","(u'Chairman', u'Nina Granath')","(u'Principal owners', u'Nina Granath & Per-Georg Nyholm')"
http://www.swedishlifesciences.se/biothema-ab,BioThema AB,We Measure Life,Handen,Suppliers (Manufactures),http://www.swedishlifesciences.se/sites/default/files/styles/logo_table_index/public/company_profiles/657/logo/81_logo_high.jpg?itok=JLd8KwzJ,,"(u'CEO', u'Arne Lundin')","BioThema uses its expertise in ATP and firefly luciferase for development and production of kits, e.g. the Microbial ATP Kit HS for the specific measurement of microbial ATP in the presence of ATP from other sources and our D-luciferin, which among 8 manufacturers has the highest activity.  BioThema applications include: 1) Rapid cell counting, cell proliferation and cytotoxicity. 2) Assays of enzymes and metabolites. 3) Reporter gene expression. 4) Hygiene monitoring in food industry and hospitals. 5) Drug discovery HTS. 6) Immunoassays. Customers include: A) Research institutes. B) Clinical diagnostics. C) Biotech industry. D) Food, beverages and water industries. E) Cleaning industry. F) Pharmaceutical industries.",08-777 00 20,http://www.biothema.com,info@biothema.com,"Handens stationsväg 17
SE-136 40 Handen","(u'Category', u'Suppliers (Manufactures)')","(u'Founded', u'1987')","(u'Public company', u'No')","(u'Revenue', u'10 MSEK Worldwide')","(u'Number of employees', u'7')","(u'Chairman', u'Arne Lundin')","(u'Principal owners', u'Arne Lundin and Ulrika Lundin')"
http://www.swedishlifesciences.se/business-region-g%C3%B6teborg-fdi-life-science,Business Region Göteborg- FDI-Life Science,"""Your Port to a Vital Region""",Göteborg,Service,http://www.swedishlifesciences.se/sites/default/files/styles/logo_table_index/public/company_profiles/1193/logo/brg_logo.jpg?itok=byJrppzm,,"(u'Business Unit Director', u'Iris \xd6hrn')","Life Science is one of the main strengths of the Gothenburg region.
Several reasons why:
– A strong industrial sector.
– 450 Life Science companies.
– World-class excellence in scientific research.
–Long track record of innovation.
–Significant expertise in CVD and metabolic research; medical imaging, biomaterial, orthopedics, dental implants, stem cell research and transplantation.
–State‐of‐the‐art incubation facilities, laboratory spaces and commercial properties.

Business Region Göteborg creates arenas and networks where science and industry can meet. We convey contacts, make it easier for new players and provide momentum so development can continue. Quite simply, we are your link to a vital region.",031-612402,http://www.businessregiongoteborg.com,iris.ohrn@businessregion.se,http://www.swedishlifesciences.se/%40BRGGothenburg,"11119
Norra Hamngatan 14
40423 Göteborg","(u'Category', u'Service')","(u'Founded', u'2000')","(u'Public company', u'No')","(u'Number of employees', u'92')","(u'Principal owners', u'G\xf6teborgs Stad')","(u' BRG Establishment and Investment services', u'http://www.swedishlifesciences.se/sites/default/files/gothenburg_add_0.pdf')","(u' the100largestemployers.pdf', u'http://www.swedishlifesciences.se/sites/default/files/the100largestemployers_1.pdf')","(u' brg_lookingforgoodcompany_eng.pdf', u'http://www.swedishlifesciences.se/sites/default/files/brg_lookingforgoodcompany_eng.pdf')"
http://www.swedishlifesciences.se/clinstorage-ab,ClinStorage AB,A GMP certified storage facility,"Solna, Sweden",Service,http://www.swedishlifesciences.se/sites/default/files/styles/logo_table_index/public/company_profiles/1196/logo/clinstoragey.png?itok=KNqMAjCb,,"(u'CEO', u'Ola Camber')","For your valuable biological and pharmaceutical materials, we provide unique quality service with in depth knowledge making us highly suitable for clients´ entire need for storage, dispensing, release and distribution: Storage from room temperature down to -150º C and liquid nitrogen, Dispensing, labeling and packaging, Transportation and cold chain logistics, Batch release and certification (QP Release), Batch certification of imported medicinal products including 3rd countries and GMP audits. All service include high security with facility access and temperature control 24/7, including energy backup. ClinStorage is GMP certified by the Swedish Medical Products Agency.",070-5180014,http://www.clinstorage.se,info@clinstorage.se,"Banvaktsvägen 22
17148 Solna, Sweden","(u'Category', u'Service')","(u'Looking for capital', u'Yes')","(u'Founded', u'2008')","(u'Public company', u'No')","(u' ClinStorage Information Folder', u'http://www.swedishlifesciences.se/sites/default/files/clinstorage_folder_english_0.pdf')"
http://www.swedishlifesciences.se/clintec-international-ltd,ClinTec International Ltd.,Global reach with local expertise,Göteborg,CROs,http://www.swedishlifesciences.se/sites/default/files/styles/logo_table_index/public/company_profiles/1096/logo/3851_logo_high.jpg?itok=lzL36AAS,,"(u'CEO', u'Rabinder Buttar')","ClinTec International is a full service CRO providing high quality, flexible clinical research solutions since 1997.  Our pioneering approach has resulted in exceptional growth in over 40 countries worldwide while allowing us to maintain local management presences.  We have experience in all major therapeutic areas as well as orphan indications.  We can support or manage any Phase I-IV, BE, BA or medical device study.  We handle patient support to meet your timelines.  ClinTec is an ideal partner for start up biotechs, SME´s, Medtech and Pharma organisations throughout the development process.",031-277 477,http://www.clintec.com,northerneurope@clintec.com,https://www.facebook.com/pages/ClinTec-International/167083426673767,http://www.swedishlifesciences.se/%40ClinTecGlobal,"Lilla Bommen 6
41104 Göteborg","(u'Category', u'Contract Research Organisations')","(u'Founded', u'1997')","(u'Public company', u'No')","(u'Number of employees', u'350')","(u'Principal owners', u'Rabinder Buttar')"
http://www.swedishlifesciences.se/copenhagen-bio-science-park,Copenhagen Bio Science Park,Copenhagen Bio Science Park,Copenhagen N,Service,http://www.swedishlifesciences.se/sites/default/files/styles/logo_table_index/public/company_profiles/1217/logo/cobis_logo.jpg?itok=ehtRwyi8,,"(u'CEO', u'Morten M\xf8lgaard Jensen')","COBIS is centrally located in Copenhagen in an environment of excellence when it comes to knowledge and commercial use of biotechnology, medicine, and pharmacology. The space is exceptional. A 12,000 square meter building of modern architecture with lab facilities and offices.

We have something to offer you regardless of whether you represent an established life science company, a CRO , or even if you simply have a good idea and need help to get started.

Our location is ideal. We are centrally located between Denmark’s leading hospitals and major universities – in the heart of the world's strongest biotech region, Medicon Valley and only minutes away from the centre of Copenhagen.",+4570702980,http://www.cobis.dk,info@cobis.dk,"Ole Maaloes Vej 3
2200 Copenhagen N","(u'Category', u'Service')","(u'Founded', u'2011')","(u'Public company', u'No')","(u'Number of employees', u'6')","(u'Chairman', u'Steen Donner')","(u'Principal owners', u'Scion DTU, Symbion Science Park')"
http://www.swedishlifesciences.se/ctc-clinical-trial-consultants-ab,CTC Clinical Trial Consultants AB,Translating science into treatment,Uppsala,CROs,http://www.swedishlifesciences.se/sites/default/files/styles/logo_table_index/public/company_profiles/1139/logo/ctc-logotyp-liggande-stor.jpg?itok=M_4dPJ29,,"(u'CEO', u'Anders Millerhovf')","CTC AB is a privately owned CRO with focus on clinical conduct of hospital-based early phase clinical trials (phase 0/I IIa) in patients and healthy volunteers in a dedicated 12-bed research clinic at the University hospital in Uppsala combined with two SMO sites in Uppsala and Linköping for phase II/III studies. 
The research clinic at the University hospital in Uppsala is approved by the Medical Products Agency for First-in-Human studies. 
Our experts can support your company throughout the translational phase to get an early indication of proof of mechanism/concept in patients/volunteers.",+46-768-33 98 88,http://www.ctc-ab.se,anders.millerhovf@ctc-ab.se,"Dag Hammarskjölds väg 13
752 37 Uppsala","(u'Category', u'Contract Research Organisations')","(u'Founded', u'2011')","(u'Public company', u'No')","(u'Revenue', u'22 MSEK in Sweden')","(u'Number of employees', u'15')","(u'Chairman', u'Bengt Dahlstr\xf6m')","(u'Principal owners', u'Private')"
http://www.swedishlifesciences.se/hansa-medical-ab-publ,Hansa Medical AB (publ),Enabling transplantation,Lund,Biotech,http://www.swedishlifesciences.se/sites/default/files/styles/logo_table_index/public/company_profiles/999/logo/hmed_logo.jpg?itok=IY_arsgW,,"(u'CEO', u'G\xf6ran Arvidson')","Hansa Medical is a biopharmaceutical company focused on novel immunomodulatory enzymes. Its lead project IdeS is an antibody-degrading enzyme in Phase II clinical development, with potential use in transplantation and rare autoimmune diseases.

Other projects include HBP-assay, a market-launched diagnostic marker for severe sepsis, and EndoS, an antibody-modulating bacterial en¬zyme in pre-clinical development. The company is based in Lund, Sweden. Hansa Medical’s share (HMED) is listed on Nasdaq First North in Stockholm, with Remium Nordic AB as Certified Adviser.",046-165670,http://www.hansamedical.com,info@hansamedical.com,"Scheelevägen 22
Box 785
220 07 Lund","(u'Category', u'Biotech')","(u'Founded', u'2007')","(u'Public company', u'Yes')","(u'Revenue', u'4.7 MSEK in Sweden')","(u'Number of employees', u'14')","(u'Chairman', u'Birgit Stattin Norinder')","(u'Principal owners', u'NXT2B')"
http://www.swedishlifesciences.se/intervacc-ab,Intervacc AB,Utveckling av vacciner inom djurhälsa,Hägersten,Biotech,http://www.swedishlifesciences.se/sites/default/files/styles/logo_table_index/public/company_profiles/1239/logo/logo_horizontal_rgb.jpg?itok=qgSQOINn,,"(u'CEO', u'Jan-Ingmar Flock')","Intervacc arbetar med att utveckla nya vacciner mot bakteriella infektioner, framför allt inom veterinärområdet. Fokus ligger i främsta hand på att ta fram ett vaccin mot Streptococcus equi som orsakar kvarka på häst. Detta är en mycket smittsam och allvarlig infektion som medför mycket höga kostnader inom hästnäringen och behovet av ett vaccin är därför stort. Vaccinet som Intervacc utvecklat (Strangvac) baseras på rekombinanta proteiner  och har därför en mycket god säkerhetsprofil utan biverkningar. Strangvac genomgår för närvarande slutliga kliniska prövningar. Intervacc förvärvade under 2014 Nordvacc Läkemedel som ingår som dotterbolag i koncernen. Nordvacc arbetar med försäljning av veterinära läkemedel och vacciner.",08-12010602,http://intervacc.com,jan-ingmar.flock@intervacc.com,"Box 112
12922 Hägersten","(u'Category', u'Biotech')","(u'Public company', u'No')","(u'Chairman', u'Rune Bergman')"
http://www.swedishlifesciences.se/irw-consulting-ab,IRW Consulting AB,Your preferred Nordic CRO,Danderyd,CROs,http://www.swedishlifesciences.se/sites/default/files/styles/logo_table_index/public/company_profiles/986/logo/737_logo_high.jpg?itok=WwhP90Fx,,"(u'CEO', u'Ingela Wiking')","IRW is a Nordic full-service CRO with our own offices and staff in Sweden, Denmark, Norway and Finland with more than 15 years of experience of Clinical Research Outsourcing in Scandinavia. We offer cost efficient services in Clinical Operations, Project Management, Data Management/ePRO, Biostatistics, Pharmacovigilance, Regulatory and Medical Writing for a large range of customers in Biotech and Big Pharma. IRW has ongoing assignments in all development phases. Our studies run in the Nordics as well as in other regions with the assistance of our well established CRO partner network. IRW’s dynamic approach to the changing clinical trials environment makes us uniquely positioned as the preferred Nordic CRO.",08-7916640,http://www.irwcro.com,info@irwcro.com,"Box 703
Svärdvägen 3A
182 17 Danderyd","(u'Category', u'Contract Research Organisations')","(u'Founded', u'1999')","(u'Public company', u'No')","(u'Revenue', u'50 MSEK in Nordic countries')","(u'Number of employees', u'40')","(u'Chairman', u'Tommy Adamsson')","(u'Principal owners', u'Ingela Wiking')"
http://www.swedishlifesciences.se/karolinska-development-ab,Karolinska Development AB,,Solna,Business Development,http://www.swedishlifesciences.se/sites/default/files/styles/logo_table_index/public/company_profiles/810/logo/kd_logo_large.jpg?itok=nZjz6bLN,,"(u'CEO', u'Jim Van heusden')","Karolinska Development aims to create value for patients, researchers, investors and society by developing innovations from world class science into differentiated products that can be partnered. The business model is to: SELECT the most commercially attractive medical innovations that can potentially satisfy unmet medical needs; DEVELOP innovations to the stage where the greatest return on investment can be achieved; and COMMERCIALIZE the innovations through the sale of companies or out-licensing of products.",08-524 860 70,http://www.karolinskadevelopment.com,info@karolinskadevelopment.com,"Tomtebodavägen 23 A
17165 Solna","(u'Category', u'Business Development')","(u'Founded', u'2003')","(u'Public company', u'Yes')","(u'Number of employees', u'10')","(u'Chairman', u'Bo Jesper Hansen')","(u'Principal owners', u'More than 3000 shareholders')"
http://www.swedishlifesciences.se/karolinska-institutet-innovations-ab,Karolinska Institutet Innovations AB,,Solna,Business Development,http://www.swedishlifesciences.se/sites/default/files/styles/logo_table_index/public/company_profiles/788/logo/karolinska_institutet_innovations_ab-logo_low.jpg?itok=djxGA8sR,,"(u'CEO', u'Lilian Wikstr\xf6m')","KI Innovations turns promising biomedical research into new products and applications to improve global health and well being. KI Innovations drives the development process by providing project management, funding for patent protection, legal advice, business development and has an extensive network with the international pharmaceutical industry. KI Innovations has reviewed more than 1400 academic innovations, created 40 start-ups and has signed 35 license agreements. KI Innovations has a close collaboration with the Karolinska Development AB.",08-5248 36 51,http://www.kiinnovations.se,info@karolinskainnovations.ki.se,"Tomtebodavägen 23
171 65 Solna","(u'Category', u'Business Development')","(u'Founded', u'1996')","(u'Public company', u'No')","(u'Number of employees', u'8')","(u'Chairman', u'Magnus Persson')","(u'Principal owners', u'Karolinska Institutet Holding AB')"
http://www.swedishlifesciences.se/karolinska-institutet-science-park-ab,Karolinska Institutet Science Park AB,A business-enabling milieu,Solna,Service,http://www.swedishlifesciences.se/sites/default/files/styles/logo_table_index/public/company_profiles/1047/logo/3569_logo_high.jpg?itok=NCMXPFVU,,"(u'CEO', u'M\xe4rit Johansson')","Based at Karolinska Institutet's campuses, KI Science Park is the home to over 80 companies, operating in healthcare, pharmaceutical, diagnostics and medical technologies. Proximity to cutting-edge research and education, world-leading University hospitals and an unrivalled, dynamic milieu for commercializing research concepts are factors that make the extraordinary environment. The Park offers office premises, laboratory facilities and life science-specific support, to facilitate companies’ challenging journey to success.",070-872 35 32,http://www.sciencepark.ki.se,marit.johansson@kisciencepark.se,"Tomtebodavägen 23a
17165 Solna","(u'Category', u'Service')","(u'Founded', u'2006')","(u'Public company', u'No')","(u'Number of employees', u'4')","(u'Chairman', u'Hans M\xf6ller')","(u'Principal owners', u'Karolinska Institutet Holding AB')"
http://www.swedishlifesciences.se/kemwell-ab,Kemwell AB,CDMO services with turn key solutions,Uppsala,CMOs,http://www.swedishlifesciences.se/sites/default/files/styles/logo_table_index/public/company_profiles/1014/logo/802_logo_low.jpg?itok=oiYYaww8,,"(u'CEO', u'Agneta Bergvall')","Kemwell operates manufacturing facilities in India and Sweden and employing 1000 people worldwide. 
We are a family-owned company, with a focus on long term strategies. 
Kemwell is a provider of contract manufacturing and development services for the pharmaceutical- and biotech industry globally.
Kemwell is your ideal strategic partner in:
• Formulation development
• Analytical support
• Clinical batch production
• EU gateway release
• Commercial-scale  manufacturing
• Packaging
• Distribution world wide
• One-stop shop solutions",018-164000,http://www.kemwellbiopharma.com,info@kemwell.se,"Rapsgatan 7
75182 Uppsala","(u'Category', u'Contract Manufacturing Organisations')","(u'Founded', u'2006')","(u'Public company', u'No')","(u'Revenue', u'380 MSEK in Sweden')","(u'Number of employees', u'180')","(u'Chairman', u'Per\xc5ke Oldentoft')","(u'Principal owners', u'Kemwell Biopharma Pvt Ltd')"
http://www.swedishlifesciences.se/ladulaas-clinical-trials,Ladulaas Clinical Trials,Specialized in Clinical Trials,Boras/Gothenburg,CROs,http://www.swedishlifesciences.se/sites/default/files/styles/logo_table_index/public/company_profiles/1167/logo/ladulaas-kliniska_studier.jpg?itok=DdupD42I,,"(u'CEO', u'Katarina Berndtsson Blom')","Our team is educated and trained in ICH-GCP and we are long experienced in conducting clinical trials, phase II to V.

We have been working together with most of the major global pharmaceutical and CRO companies and we also cooperate with medical faculties all over the world.

We know the importance of fast recruitment, well treatment and security to make the participants fulfill the whole protocol. We have participated in trials from migraine to onychomycosis….

Try us for Trials!",033-13 13 31,http://www.ladulaaskliniken.se,info@ladulaaskliniken.se,"Skaraborgsvägen 35E
506 30 Boras/Gothenburg","(u'Category', u'Contract Research Organisations')","(u'Founded', u'2007')","(u'Public company', u'No')","(u'Number of employees', u'5')","(u'Chairman', u'Katarina Berndtsson Blom')","(u'Principal owners', u'Family owned company')"
http://www.swedishlifesciences.se/mannheimer-swartling-advokatbyr%C3%A5,Mannheimer Swartling Advokatbyrå,Your legal Life Sciences partner,Stockholm,Intellectual Property,http://www.swedishlifesciences.se/sites/default/files/styles/logo_table_index/public/company_profiles/1054/logo/logo_vansterstalld.jpg?itok=KkFkEAuU,,"(u'Business Unit Director', u'Hel\xe9n Waxberg')","Mannheimer Swartling is the leading business law firm in the Nordic region. We are a full service firm with an extensive international experience. Our Life Science team has longstanding and extensive experience in the Life Science sector and advises in all areas from research and development to market authorisation and distribution of the final product and life cycle management issues. Our clients include multinational corporations as well as start-ups and other entrepreneurial ventures in the pharmaceutical, biotechnical, medical devices and food industry.",08-59506000,http://www.mannheimerswartling.se,"Box 1711
Norrlandsgatan 21
11187 Stockholm","(u'Category', u'Intellectual Property')","(u'Public company', u'No')"
http://www.swedishlifesciences.se/medeon-ab,Medeon AB,The best location in Medicon Valley,Malmö,Service,http://www.swedishlifesciences.se/sites/default/files/styles/logo_table_index/public/company_profiles/1173/logo/logo_medeon_ny.jpg?itok=WVJHm2ZU,,"(u'CEO', u'Ulf G Andersson')","Medeon Scienc Park provides a creative environment for new and established companies. Our focus is directed at knowledge-intensive businesses within life science: pharmaceutical development, medical technology, biotechnology and health care. At Medeon you gain access to:

Suitable premises with the opportunity to build new facilities

Close cooperation with health care and the University

Strong network and incubator functions

Good services with, for example, reception, switchboard, travel agency and restaurant",040-321022,http://www.medeon.se,catrine.pauckstadt@medeon.se,https://www.facebook.com/MedeonSciencePark,"Medeon Science Park
Per Albin Hanssons väg 41
20512 Malmö","(u'Category', u'Service')","(u'Founded', u'1985')","(u'Public company', u'No')","(u'Number of employees', u'3')"
http://www.swedishlifesciences.se/medicago-ab,Medicago AB,Your Trusted Partner in Biotech,Uppsala,CMOs,http://www.swedishlifesciences.se/sites/default/files/styles/logo_table_index/public/company_profiles/647/logo/67_logo_high.jpg?itok=O8kDQqZN,,"(u'CEO', u'Jan Henriksson')","Founded in 1995 in Uppsala, Sweden, Medicago is celebrating 20 years of continuous service to the life-science and biotechnology industry. We are privately-owned, enthusiastic, and operate throughout the world. We keep quality in focus (ISO 9001 and ISO 13485 certified). Medicago is active both as a CRO/CMO (contract research/manufacturing organisation) as well as a worldwide provider of our own biotech products.
We offer contract development/manufacturing and customized services. We have facilities for aseptic filling and freeze drying.
Our own products comprises user-friendly reagents SmartBuffers™ (pre-made dry buffers), Lectins, as well as research and biochemical kits and reagents. Bulk amounts are available on request.",018-56 11 80,http://www.medicago.se,info@medicago.se,"Danmark Berga 13
755 98 Uppsala","(u'Category', u'Contract Manufacturing Organisations')","(u'Founded', u'1995')","(u'Public company', u'No')","(u'Revenue', u'25 MSEK Worldwide')","(u'Number of employees', u'23')","(u'Chairman', u'Emil Linde')"
http://www.swedishlifesciences.se/medicon-village,Medicon Village,For people´s health and well-being,Lund,Service,http://www.swedishlifesciences.se/sites/default/files/styles/logo_table_index/public/company_profiles/1211/logo/mv_logo2_rgb_2.png?itok=gA4Iejo6,,"(u'CEO', u'Mats Leifland ')","Medicon Village is a life science village for research, innovation and business for people´s health and wellbeing. Today we house 1200 people in more than 100 organisations working in pharma, medtech, biotech, nano- and e-health. Medicon Village is a progressive platform for cutting-edge research and innovation in the fields of prevention, diagnostics, treatment and care. We believe that interdisciplinary exchange is a key driver in creating growth. Medicon Village is a venue for exchange of ideas, hosting a large number of life science seminars and events. 

Welcome to visit Medicon Village´s high quality laboratories and offices, all with full service to create your breeding ground for successful development and growth.",046-275 60 00,http://www.mediconvillage.se,info@mediconvillage.se,http://www.facebook.com/MediconVillage,"Medicon Village AB
223 81 Lund","(u'Category', u'Service')","(u'Looking for capital', u'Yes')","(u'Founded', u'2012')","(u'Public company', u'No')","(u'Number of employees', u'25')","(u'Chairman', u'G\xf6ran Grosskopf')","(u'Principal owners', u'Mats Paulsson Foundation for research, innovation and societal development.')"
http://www.swedishlifesciences.se/mercodia-ab,Mercodia AB,Developer of immunoassays,Uppsala,Suppliers (Manufactures),http://www.swedishlifesciences.se/sites/default/files/styles/logo_table_index/public/company_profiles/690/logo/133_logo_low.gif?itok=adRfyhqp,,"(u'CEO', u'Mona \xd6sterberg')","Mercodia AB is a Swedish biotech company focusing on the development of immunoassays for research within the field of metabolic disorders, cardiovascular disease and diabetes. Our assays are applicable to both animal and human models and are used for research ranging from basic scientific studies to large pre-clinical and clinical phase trials. The company was founded in 1991 and is today a world-leading supplier of products to all major international markets. More than ninety percent of our production is exported from our facilities in Uppsala to approximately 100 different countries around the world.",018-570070,http://www.mercodia.com,info@mercodia.com,http://www.facebook.com/mercodia?fref=ts,"-
Sylveniusgatan 8A
75450 Uppsala","(u'Category', u'Suppliers (Manufactures)')","(u'Founded', u'1991')","(u'Public company', u'No')","(u'Revenue', u'61 MSEK Worldwide')","(u'Number of employees', u'52')","(u'Chairman', u'Erling Holmlund')","(u'Principal owners', u'Erling Holmlund')"
http://www.swedishlifesciences.se/metasafe-ab,MetaSafe AB,Metasafe - Metabolites in Safety Testing,Södertälje,Service,http://www.swedishlifesciences.se/sites/default/files/styles/logo_table_index/public/company_profiles/1235/logo/metasafe_logo.jpg?itok=SBlLfAO8,,"(u'CEO', u'Johanna Haglund')","MetaSafe AB is a partner laboratory offering high qualitative mass-spectrometric analyses to reveal biotransformation and metabolism characteristics of drugs during all stages of pharmaceutical development. MetaSafe is situated in the Biovation Park Telge in Södertälje.
MetaSafe provides any pharmaceutical company or academic group design and execution of exploratory, problem-solving, non-regulatory or regulatory biotransformation studies that enable progression of their drug projects.",0767-797734,http://www.metasafe.se/,Johanna.Haglund@metasafe.se,"Forskargatan 20J
151 36 Södertälje","(u'Category', u'Service')","(u'Founded', u'2012')","(u'Public company', u'No')","(u'Number of employees', u'3')"
http://www.swedishlifesciences.se/mikrolab-stockholm-ab-0,Mikrolab Stockholm AB,GMP certified Microbiology Laboratory,Sollentuna,Service,http://www.swedishlifesciences.se/sites/default/files/styles/logo_table_index/public/company_profiles/1212/logo/logga2.png?itok=BYAjRXVO,,"(u'CEO', u'Adam Mallkoo')","Mikrolab is a leading provider of contract microbiology services to the pharmaceutical-, cosmetic- and medical device industry. We support you in every phase of your development and manufacturing process from raw material testing to final product release testing. 

We have a GMP certificate from the Swedish Medical Products Agency and a ISO 17025 Accreditation. 

- We perform sterility testing in our clean room GMP grade A -
- Total count and Bioburden testing -
- Endotoxin Detection -
- We perform tests for specific microorganisms -
- Closure Integrity studies, Bacterological and blue dye ingress -
- Customer specific studies and many other laboratory services -
Affiliate company: MKL Diagnostics AB
www.mikrolab.se",08-297900,http://www.vattenprovtagning.se,fredrik.johansson@mikrolab.se,https://www.facebook.com/vattenprovtagning,"Kung Hans Väg 3
192 68 Sollentuna","(u'Category', u'Service')","(u'Founded', u'1974')","(u'Public company', u'No')","(u'Number of employees', u'15')","(u'Chairman', u'Fredrik Johansson')","(u'Principal owners', u'Adam Mallkoo, Fredrik Johansson')"
http://www.swedishlifesciences.se/nda-group-ab,NDA Group AB,Drug Development Consultancy,Upplands Väsby,Service,http://www.swedishlifesciences.se/sites/default/files/styles/logo_table_index/public/company_profiles/693/logo/139_logo_high_0.jpg?itok=-UBgdblm,,"(u'CEO', u'Johan Str\xf6mquist')","We support life science companies all over the world and across all phases of development, from pre-clinical to post marketing, to the needs and requirements of regulators and payers alike. We work together with our clients to address key strategic regulatory and reimbursement challenges. Our scientific expertise covers all major therapeutic areas.

The advice you get from NDA is from real experts in the industry, many who have been involved in shaping today’s regulatory, HTA and pharmacovigilance environment. We have close to 100 employees across Europe. More than 25% are ex EU regulators.

With our support, you can cut the time and associated cost it takes to get your products to market, and keep them there.",08-590 77 800,http://www.ndareg.com,info@ndareg.com,https://twitter.com/ndagroup,"Johanneslundsvägen 2
19481 Upplands Väsby","(u'Category', u'Service')","(u'Founded', u'1997')","(u'Public company', u'No')","(u'Revenue', u'150 MSEK in Europe')","(u'Number of employees', u'100')","(u'Chairman', u'Lars-Helge Str\xf6mquist')","(u'Principal owners', u'Lars-Helge Str\xf6mquist, Christina Str\xf6mquist')"
http://www.swedishlifesciences.se/nordic-biolabs-ab,Nordic Biolabs AB,New technologies at customers desk,Täby,Suppliers (Distributors),http://www.swedishlifesciences.se/sites/default/files/styles/logo_table_index/public/company_profiles/787/logo/290_logo_low.jpg?itok=NsQZQ3QU,,"(u'CEO', u'Thomas Busch')","Nordic Biolabs AB represents leading brands in our 4 business areas: Biotechnology, Transfusion Medicine, Clinical Diagnostics and Industrial Microbiology/Hygien Controle.
Nordic Biolabs shall through a combination of competence and a well balanced product portfolio offer customers an unique partnership and participate in the technical development. We keep this statement vivid every day by introducing new products, finding new innovative suppliers, giving lectures and seminars and always be keen on our customers needs",08-6308500,http://www.nordicbiolabs.se,info@nordicbiolabs.se,https://www.facebook.com/NordicBiolabs,"Box 7293
Ritarslingan 16
18714 Täby","(u'Category', u'Suppliers (Distributors)')","(u'Founded', u'1970')","(u'Public company', u'No')","(u'Revenue', u'58 MSEK in Nordic countries')","(u'Number of employees', u'19')","(u'Chairman', u'Jan Skaring')","(u'Principal owners', u'Jan Skaring, Claes Hedberg, Thomas Busch')"
http://www.swedishlifesciences.se/optimize-courier-sweden-ab,Optimize Courier (Sweden) AB,"Logistics,Cold Chain Packaging Solutions",Arlandastad,Suppliers (Distributors),http://www.swedishlifesciences.se/sites/default/files/styles/logo_table_index/public/company_profiles/1011/logo/logo.jpg?itok=ZfPjojYA,,"(u'CEO', u'Jan Karlsson')","Optimize Courier is a global specialty and GDP compliant courier company dedicated to the worldwide coordination & transportation of biological, pharmaceutical, time critical and cold chain logistics. Operating 24 hours a day, 7 days a week with decades of experience behind us, we promise to go the extra mile every day to ensure you receive the highest level of service and value with each shipment you entrust to us.",08-59450110,http://www.optimizecourier.com,ops@optimizecourier.se,https://www.facebook.com/pages/Optimize-Courier-Official/257521767789790,"Visiting address
Maskingatan 17C
19560 Arlandastad","(u'Category', u'Suppliers (Distributors)')","(u'Founded', u'2007')","(u'Public company', u'No')","(u'Number of employees', u'8')","(u'Principal owners', u'Jan Karlsson')"
http://www.swedishlifesciences.se/pharma-consulting-group-ab,Pharma Consulting Group AB,The CRO where knowledge meets technology,Uppsala,CROs,http://www.swedishlifesciences.se/sites/default/files/styles/logo_table_index/public/company_profiles/805/logo/pharma_consulting_group_ab-logo_low.gif?itok=_mACgE2E,,"(u'CEO', u'Andy Babington')","PCG Clinical Services is a Scandinavian full-service CRO with established collaborations with organisations, enabling us to provide full service coverage for our customers – locally and globally. We combine front-line technology with CRO-services featuring requirements needed for data handling, analysis and reporting for customers in the pharma/biotech arena and academia. Our experienced project managers and biometric experts is the cornerstone of PCG, and has enabled us to develop services within monitoring, medical writing and pharmacovigilance. Our in-house developed EDC system Viedoc is used throughout our services and enables us and our customers to do things better. We work with the world’s most advanced and demanding companies.",018-4303100,http://www.PharmaConsultingGroup.com,info@pharmaconsultinggroup.com,"Kungsängsvägen 19
75323 Uppsala","(u'Category', u'Contract Research Organisations')","(u'Founded', u'2003')","(u'Public company', u'No')","(u'Revenue', u'70 MSEK Worldwide')","(u'Number of employees', u'50')","(u'Principal owners', u'The founders')"
http://www.swedishlifesciences.se/pharmanest-ab,Pharmanest AB,,Solna,Pharma,http://www.swedishlifesciences.se/sites/default/files/styles/logo_table_index/public/company_profiles/1118/logo/pharmanestlogo-color.jpg?itok=oZW4BHiG,,"(u'CEO', u'Gunilla Lundmark')","Pharmanest is developing unique pain relief formulations based on well-known active substances. The formulations are applied topically in the cervix and uterus using applicators developed in-house. Pain relief is obtained immediately, no advanced instrumentation is required and the systemic effect is minimized. Pharmanest's first product candidate has been developed for use in local pain relief in connection with the insertion of IUDs. With its candidate products. Pharmanest hopes to be able to offer effective local pain relief which is advantageous from both the patient and health economics perspectives.",08-524 84702,http://www.pharmanest.se,info@pharmanest.se,"Karolinska Institutet Science Park, Retzius väg 8, 171 65 Solna
17165 Solna","(u'Category', u'Pharma')","(u'Looking for capital', u'Yes')","(u'Founded', u'2009')","(u'Public company', u'No')","(u'Number of employees', u'3')","(u'Chairman', u'Alan Raffensperger')","(u'Principal owners', u'Karolinska Development AB')"
http://www.swedishlifesciences.se/polypeptide-laboratories-ab,PolyPeptide Laboratories AB,GMP manufacture of peptides,Limhamn,Suppliers (Manufactures),http://www.swedishlifesciences.se/sites/default/files/styles/logo_table_index/public/company_profiles/748/logo/226_logo_high.jpg?itok=xI18BLm1,,"(u'Business Unit Director', u'Jan Christensen')","The PolyPeptide Group specializes in contract GMP manufacturing of peptide therapeutics. In consultation with the customer, Polypeptide Group can examine several potentially commercially relevant manufacturing strategies, and proceed by conducting a pilot manufacturing study. This can be followed by scaling-up the optimized strategy, stepwise introduction of GMP, process validation, progress to registration lots, stability studies and compilation of an appropriate US or European drug master file.",040-366200,http://www.polypeptide.com,ppl@polypeptide.com,"P.O. Box 30089
Limhamnsvägen 108
20061 Limhamn","(u'Category', u'Suppliers (Manufactures)')","(u'Founded', u'1996')","(u'Public company', u'No')","(u'Number of employees', u'450 worldwide')","(u'Chairman', u'Jane Salik')","(u'Principal owners', u'Frederik Paulsen')"
http://www.swedishlifesciences.se/recipharm-ab,Recipharm AB,Contract Development and Manufacturing,Jordbro,CMOs,http://www.swedishlifesciences.se/sites/default/files/styles/logo_table_index/public/company_profiles/1024/logo/3424_logo_low.png?itok=oXtdFoHq,,"(u'CEO', u'Thomas Eldered')","Recipharm is a leading CDMO (Contract Development and Manufacturing Organisation) in the pharmaceutical industry based in Sweden employing some 1,500 employees. Recipharm offers manufacturing services of pharmaceuticals in various dosage forms, production of clinical trial material and pharmaceutical product development. Recipharm currently manufactures more than 200 different products to both Big Pharma and smaller research- and development companies. Recipharm’s turnover is approximately SEK 2.1 billion and the Company operates development and manufacturing facilities in Sweden, France, the UK, Germany and Spain and is headquartered near Stockholm.",08-6025200,http://www.recipharm.com,info@recipharm.com,"Lagervägen 7
13650 Jordbro","(u'Category', u'Contract Manufacturing Organisations')","(u'Founded', u'1995')","(u'Public company', u'Yes')","(u'Revenue', u'2100 MSEK Worldwide')","(u'Number of employees', u'1500')","(u'Chairman', u'Lars Backsell')"
http://www.swedishlifesciences.se/scandinavian-cro-ab,Scandinavian CRO AB,The CRO in Scandinavia,Uppsala,CROs,http://www.swedishlifesciences.se/sites/default/files/styles/logo_table_index/public/company_profiles/1029/logo/scro_logo-black.jpg?itok=gMqWeejb,,"(u'CEO', u'Ulrika Hammarstr\xf6m L\xfcllmaa')","Scandinavian CRO is a full service Contract Research Organisation offering both consultancy and specific, stand-alone services. Scandinavian CRO is an organization that provides support to the pharmaceutical, biotechnology, and medical device industries in the form of research services outsourced on a contract basis. From study design to study report.",018-100550,http://www.scro.se,info@scro.se,"Skolgatan 8, ""box 15027""
75015 Uppsala","(u'Category', u'Contract Research Organisations')","(u'Founded', u'2007')","(u'Public company', u'No')","(u'Number of employees', u'22')"
http://www.swedishlifesciences.se/scandinavian-development-services-0,Scandinavian Development Services,Experts in drug development!,Danderyd,Service,http://www.swedishlifesciences.se/sites/default/files/styles/logo_table_index/public/company_profiles/1263/logo/sds_symbol.png?itok=wPDpNSA3,,"(u'CEO', u'Anna T\xf6rner')","At Scandinavian Development Services we specialise in all regulatory and scientific aspects in the drug development process, from the initial project idea through to the completely developed product. We have expertise in formulation development, non-clinical program planning and, communication with regulatory authorities for development programs, including clinical programs. We are also experts in medical statistics!

Our ambition is to solve the tricky questions which have no obvious answers. To do so we have built an experienced team of specialists within the field of drug development and biostatistics. When required, we have a network of Swedish and international experts with regulatory, medicinal and statistical expert knowledge.",08-755 80 80,http://www.scanddev.se,anna.torner@scanddev.se,"Svärdvägen 3B
18233 Danderyd","(u'Category', u'Service')","(u'Founded', u'2012')","(u'Public company', u'No')","(u'Number of employees', u'10')"
http://www.swedishlifesciences.se/tataa-biocenter-ab,TATAA Biocenter AB,Real-time PCR services and products,Göteborg,Service,http://www.swedishlifesciences.se/sites/default/files/styles/logo_table_index/public/company_profiles/809/logo/343_logo_low.jpg?itok=Qiu8fgqn,,"(u'CEO', u'Mikael Kubista')","TATAA Biocenter is Europe’s leading provider of gene expression profiling services, a prime organizer of hands-on training in quantitative real-time PCR (qPCR) and the most complete provider of qPCR products in Sweden. Our offer comprises the entire field of qPCR services, including commissioned services and research projects, hands-on training and highest quality products. Our services include sample extraction, gene expression analysis, SNP typing, qPCR data analysis and much more. We are ISO 17025 certified.",031-7615700,http://www.tataa.com,info@tataa.com,http://www.facebook.com/pages/TATAA-Biocenter/224624947578008,"Odinsgatan 28
41103 Göteborg","(u'Category', u'Service')","(u'Founded', u'2003')","(u'Public company', u'No')","(u'Revenue', u'11.5 MSEK in Sweden')","(u'Number of employees', u'18')","(u'Chairman', u'Mikael Kubista')","(u'Principal owners', u'Founders')"
http://www.swedishlifesciences.se/tfs-international-ab,TFS International AB,Clinical Contract Research Organisation,Lund,CROs,http://www.swedishlifesciences.se/sites/default/files/styles/logo_table_index/public/company_profiles/676/logo/tfs_corp_trust.jpg?itok=7a2EO2hP,,"(u'Business Unit Director', u'Jan Hellqvist')","TFS International is the largest global independent clinical Contract Research Organization (CRO). Founded in 1996 in Sweden, TFS currently operates in over 20 countries throughout Europe, USA, Canada and Japan and employs more than 650 professionals. TFS core therapeutic areas of expertise are Oncology, Immunology, Dermatology, Ophthalmology, CNS, Cardiology and Endocrinology. Through two business areas, TFS DevelopTM and TFS PeopleTM, TFS provides services worldwide as end-to-end solutions or tactical functional services. Detailed information about TFS, its business offerings, global locations and recent press releases can be obtained through www.tfscro.com.",+46 (0)46 280 18 00,http://www.tfscro.com,tfs.international@tfscro.com,"Box 165
SE-22100 Lund","(u'Category', u'Contract Research Organisations')","(u'Founded', u'1996')","(u'Public company', u'No')","(u'Revenue', u'50 MEUR Worldwide')","(u'Number of employees', u'650')","(u'Chairman', u'Ulf Ros\xe9n')","(u'Principal owners', u'Private ownership')"
http://www.swedishlifesciences.se/umecrine-mood-ab,Umecrine Mood AB,Relief for severe premenstrual symptoms,Solna,Biotech,http://www.swedishlifesciences.se/sites/default/files/styles/logo_table_index/public/company_profiles/947/logo/umecrine-mood-web.jpg?itok=QrAi8aZR,,"(u'CEO', u'Karin Ekberg')","Umecrine Mood AB is developing a novel treatment the symptoms associated with Premenstrual Dysphoric Disorder (PMDD), a condition affecting about 5% of all women in fertile age. This is a condition that have great impact on the quality of life for the patients and her family. 
In addition to a few lead compounds in preclincal stage, the company's selected candidate drug is the first in class of so called GAMSA (GABA-A receptor modulating steroid antagonists). 
The discovery of these compounds are based on research from Umeå university. The company is part of the Karolinska Development company portfolio",08-52484482,http://www.umecrine.se,karin.ekberg@umecrine.se,"Fogdevreten 2
Karolinska Institutet Science Park
17165 Solna","(u'Category', u'Biotech')","(u'Looking for capital', u'Yes')","(u'Founded', u'2006')","(u'Public company', u'No')","(u'Revenue', u'0 MSEK in Sweden')","(u'Number of employees', u'2')","(u'Chairman', u'Ola Flink')","(u'Principal owners', u'Umecrine AB, Kurma Biofund')"
http://www.swedishlifesciences.se/vironova,Vironova,Virus and nanoparticle innovator,Stockholm,CROs,http://www.swedishlifesciences.se/sites/default/files/styles/logo_table_index/public/company_profiles/1027/logo/3434_logo_low.jpg?itok=rrqVsbEv,,"(u'CEO', u'Mohammed Homman')","Vironova AB (publ) is a privately held Swedish biotech company dedicated to the development of novel antiviral therapeutics and virus diagnostics products to combat and prevent the spread of viral diseases. Based on proprietary technology to analyze viruses and nanoparticles by electron microscopy, Vironova also provides services for the bio-nanotech industry that is able to cut time and costs in development and production of nanoparticle based therapeutics.

The subsidiary Vironova Biosafety offers the expertise and know-how in ensuring virus safety in the manufacture of biopharmaceuticals.",08-7026790,http://www.vironova.com,info@vironova.com,"Gävlegatan 22
11330 Stockholm","(u'Category', u'Contract Research Organisations')","(u'Looking for capital', u'Yes')","(u'Founded', u'2005')","(u'Public company', u'No')","(u'Revenue', u'7 MSEK Worldwide')","(u'Number of employees', u'27')","(u'Chairman', u'Anders Milton')","(u'Principal owners', u'M.Homman AB')"
http://www.swedishlifesciences.se/vwr-international-ab,VWR International AB,All you need for your laboratory,Stockholm,Suppliers (Distributors),http://www.swedishlifesciences.se/sites/default/files/styles/logo_table_index/public/company_profiles/754/logo/vwr_weenablescience_cmyk.jpg?itok=j1AdAOhC,,"(u'CEO', u'Thomas Best')","VWR (NASDAQ: VWR), headquartered in Radnor, Pennsylvania, is a global laboratory supply and distribution company with worldwide sales in excess of  $4.1 billion in 2013. VWR enables the advancement of the world´s most critical research through the distribution of a highly diversified product line to most of the world´s top pharmaceutical and biotech companies, as well as industrial, educational and governmental organizations. VWR has over 7000 associates around the world working to streamline the way researchers across North America, Europe, and Asia stock and maintain their labs.",08-621 34 00,http://se.vwr.com,kundservice@se.vwr.com,"(Fagerstagatan 18 A)
Fagerstagatan 18A
163 94 Stockholm","(u'Category', u'Suppliers (Distributors)')","(u'Founded', u'1906')","(u'Public company', u'No')","(u'Revenue', u'610 MSEK in Sweden')","(u'Number of employees', u'140')","(u'Chairman', u'Henrik Russmann')","(u'Principal owners', u'VWR Funding Inc.')"
http://www.swedishlifesciences.se/world-courier-sweden-ab,World Courier (Sweden) AB,Temperature Controlled Logistics,ARLANDASTAD,Service,http://www.swedishlifesciences.se/sites/default/files/styles/logo_table_index/public/company_profiles/885/logo/world_courier_cmyk.png?itok=TSGYdrg0,,"(u'Business Unit Director', u'Mattias Mineur')","Trust. It’s why more leading pharmaceutical companies rely on World Courier than any other specialty logistics company in the world. Companies trust us to transport their time- and temperature-sensitive products because they value the peace of mind that comes with our unsurpassed knowledge, global reach and flawless supply chain execution. No other specialty logistics company has the experienced personnel, global offices and in-market expertise required to ensure the optimal handling, transport and delivery of vital healthcare products. When trust is absolutely essential, there’s only one choice: World Courier",08-59441480,http://www.worldcourier.com,ops@worldcourier.se,https://twitter.com/Worldcourier,"Box 516
Söderbyvägen 1A
19525 ARLANDASTAD","(u'Category', u'Service')","(u'Founded', u'1969')","(u'Public company', u'No')","(u'Number of employees', u'2500')"
